Date,Open,High,Low,Close,Shares_Traded,Turnover_Cr,Log_Return
2016-09-26,8807.9,8809.55,8715.1,8723.05,169050086.0,8518.5,
2016-09-27,8748.9,8768.5,8690.5,8706.4,156100521.0,7446.12,-0.0019105600078839
2016-09-28,8711.2,8767.05,8703.15,8745.15,170643694.0,8348.19,0.0044408735824074
2016-09-29,8792.7,8800.65,8558.25,8591.25,384395249.0,19467.3,-0.0177550175284443
2016-09-30,8581.5,8637.15,8555.2,8611.15,187333285.0,8849.27,0.0023136316882385
2016-10-03,8666.15,8745.2,8635.0,8738.1,141472076.0,7173.62,0.014634899588265
2016-10-04,8770.0,8783.65,8736.1,8769.15,189990151.0,8251.59,0.0035471056340442
2016-10-05,8806.35,8806.95,8731.4,8743.95,162103951.0,6866.33,-0.0028778477131076
2016-10-06,8768.7,8781.15,8684.65,8709.55,168713605.0,8114.93,-0.0039419078745333
2016-10-07,8721.7,8723.7,8663.8,8697.6,155053800.0,8144.3,-0.0013729992419518
2016-10-10,8735.35,8745.8,8703.95,8708.8,111794053.0,5159.83,0.0012868831631654
2016-10-13,8671.5,8681.55,8541.35,8573.35,218861324.0,10581.55,-0.0156754539859373
2016-10-14,8594.0,8604.45,8549.8,8583.4,167848947.0,9613.47,0.0011715506899027
2016-10-17,8612.95,8615.4,8506.15,8520.4,203516577.0,8590.35,-0.0073668173057715
2016-10-18,8556.05,8685.1,8555.9,8677.9,216626083.0,9162.11,0.0183162758212851
2016-10-19,8697.5,8698.75,8636.7,8659.1,177397872.0,7790.01,-0.0021687728406222
2016-10-20,8693.35,8727.0,8678.3,8699.4,165952091.0,7120.32,0.0046432666884109
2016-10-21,8708.6,8709.1,8652.05,8693.05,162162047.0,8022.44,-0.000730201930395
2016-10-24,8709.85,8736.95,8684.15,8708.95,161966274.0,6876.28,0.0018273766721734
2016-10-25,8721.7,8722.65,8663.45,8691.3,195696479.0,8718.02,-0.0020287071798899
2016-10-26,8657.3,8657.3,8596.6,8615.25,226133074.0,9696.9,-0.0087886366154681
2016-10-27,8607.1,8624.85,8550.25,8615.25,250336333.0,12300.53,0.0
2016-10-28,8625.0,8653.75,8581.75,8638.0,180906084.0,8953.72,0.0026371858270232
2016-10-30,8672.35,8678.25,8616.25,8625.7,16610872.0,805.89,-0.0014249554940435
2016-11-01,8653.15,8669.6,8614.5,8626.25,170068995.0,8441.3,6.376090820862876e-05
2016-11-02,8542.8,8549.5,8504.85,8514.0,160130480.0,7683.07,-0.0130980125467139
2016-11-03,8499.85,8537.65,8476.15,8484.95,175773254.0,7558.06,-0.0034178614890483
2016-11-04,8503.6,8504.0,8400.25,8433.75,231783152.0,11798.48,-0.0060524929574141
2016-11-07,8535.75,8535.85,8481.45,8497.05,178070534.0,8436.7,0.0074775314743917
2016-11-08,8540.0,8559.4,8480.1,8543.55,201759648.0,8515.57,0.0054575678575871
2016-11-09,8067.5,8476.2,8002.25,8432.0,323968654.0,15536.37,-0.0131426204924703
2016-11-10,8555.6,8598.45,8510.7,8525.75,271196930.0,12386.39,0.0110570040404547
2016-11-11,8456.65,8460.6,8284.95,8296.3,275221694.0,12485.11,-0.0272813635602786
2016-11-15,8284.85,8288.55,8093.2,8108.45,370298063.0,17387.22,-0.0229029044895281
2016-11-16,8205.65,8210.05,8089.4,8111.6,277801233.0,13705.03,0.0003884081787171
2016-11-17,8105.1,8151.25,8060.3,8079.95,197183084.0,8713.06,-0.0039094515733259
2016-11-18,8097.55,8128.95,8048.3,8074.1,166199545.0,7901.64,-0.0007242766062665
2016-11-21,8102.1,8102.45,7916.4,7929.1,225608889.0,9199.11,-0.0181218716471602
2016-11-22,7989.15,8019.05,7938.15,8002.3,216677654.0,9000.44,0.0091894642180117
2016-11-23,8051.2,8055.2,7973.1,8033.3,186602328.0,8681.67,0.0038664020826672
2016-11-24,8011.8,8024.85,7952.55,7965.5,268619026.0,11868.11,-0.008475686411485
2016-11-25,8007.95,8122.25,7976.75,8114.3,183355873.0,8920.79,0.0185082212028103
2016-11-28,8080.65,8146.5,8066.5,8126.9,195595287.0,8666.87,0.0015516097982744
2016-11-29,8131.55,8197.35,8128.7,8142.15,195618384.0,8486.32,0.0018747258710823
2016-11-30,8172.15,8234.25,8139.25,8224.5,255725357.0,14473.78,0.0100632316270961
2016-12-01,8244.0,8250.8,8185.05,8192.9,162597213.0,7720.96,-0.0038495789862022
2016-12-02,8153.55,8159.3,8070.05,8086.8,176767415.0,8050.5,-0.013034822785839
2016-12-05,8088.75,8141.9,8056.85,8128.75,130435865.0,6432.02,0.0051740574431899
2016-12-06,8153.15,8178.7,8130.85,8143.15,118854323.0,5417.56,0.0017699228435711
2016-12-07,8168.4,8190.45,8077.5,8102.05,175024334.0,7900.03,-0.0050599669676146
2016-12-08,8152.1,8256.25,8151.75,8246.85,146857616.0,7275.01,0.0177141931764689
2016-12-09,8271.7,8274.95,8241.95,8261.75,154344775.0,6866.81,0.0018051202459225
2016-12-12,8230.65,8230.65,8154.45,8170.8,111432551.0,5026.02,-0.0110696062047881
2016-12-13,8196.15,8228.85,8155.8,8221.8,189739559.0,8976.54,0.0062223399032888
2016-12-14,8229.35,8229.4,8165.1,8182.45,149132520.0,6763.63,-0.0047975464254387
2016-12-15,8128.4,8225.9,8121.95,8153.6,187425988.0,8579.44,-0.0035320692570365
2016-12-16,8178.2,8178.7,8127.45,8139.45,209268331.0,9854.07,-0.0017369373515074
2016-12-19,8126.0,8132.5,8094.85,8104.35,110669713.0,5272.2,-0.0043216556014418
2016-12-20,8110.6,8124.1,8062.75,8082.4,132026742.0,6296.67,-0.002712096431263
2016-12-21,8105.85,8112.55,8053.25,8061.3,127543733.0,6304.6,-0.0026140242961534
2016-12-22,8043.85,8046.45,7964.95,7979.1,126409580.0,6206.58,-0.0102492106887646
2016-12-23,7972.5,8022.6,7942.05,7985.75,127921701.0,5907.28,0.0008330802211864
2016-12-26,7965.1,7970.05,7893.8,7908.25,110171222.0,4808.67,-0.0097521850030884
2016-12-27,7915.05,8044.65,7903.7,8032.85,122463312.0,5282.66,0.0156328656787856
2016-12-28,8047.55,8100.55,8028.4,8034.85,130580701.0,5816.34,0.000248946645796
2016-12-29,8030.6,8111.1,8020.8,8103.6,183984077.0,7635.4,0.0085200766975122
2016-12-30,8119.65,8197.0,8114.75,8185.8,131457250.0,5800.7,0.0100925384280868
2017-01-02,8210.1,8212.0,8133.8,8179.5,122016111.0,5255.49,-0.0007699217626575
2017-01-03,8196.05,8219.1,8148.6,8192.25,131186021.0,6053.67,0.0015575613575361
2017-01-04,8202.65,8218.5,8180.9,8190.5,136476345.0,6543.13,-0.0002136393470761
2017-01-05,8226.65,8282.65,8223.7,8273.8,163957452.0,8180.68,0.0101189495791303
2017-01-06,8281.85,8306.85,8233.25,8243.8,143689850.0,7298.74,-0.0036324929756751
2017-01-09,8259.35,8263.0,8227.75,8236.05,102211190.0,5197.62,-0.0009405426106811
2017-01-10,8262.7,8293.8,8261.0,8288.6,147312927.0,6904.57,0.0063602166638919
2017-01-11,8327.8,8389.0,8322.25,8380.65,192285417.0,8938.68,0.0110444003991768
2017-01-12,8391.05,8417.2,8382.3,8407.2,177948383.0,7359.24,0.0031630044508581
2017-01-13,8457.65,8461.05,8373.15,8400.35,190949616.0,9156.16,-0.0008151099213466
2017-01-16,8390.95,8426.7,8374.4,8412.8,127938836.0,6043.67,0.0014809839055218
2017-01-17,8415.05,8440.9,8378.3,8398.0,125781216.0,6389.21,-0.0017607732914233
2017-01-18,8403.85,8460.3,8397.4,8417.0,168867039.0,7411.23,0.0022598879674375
2017-01-19,8418.4,8445.15,8404.05,8435.1,170956149.0,7324.14,0.0021481010627708
2017-01-20,8404.35,8423.65,8340.95,8349.35,208901233.0,9014.51,-0.0102178797708485
2017-01-23,8329.6,8404.15,8327.2,8391.5,200993100.0,8664.94,0.0050355972447356
2017-01-24,8407.05,8480.95,8398.15,8475.8,184745781.0,8524.17,0.0099957553256989
2017-01-25,8499.45,8612.6,8493.95,8602.75,301490150.0,13901.89,0.0148668754948146
2017-01-27,8610.5,8672.7,8606.9,8641.25,283905821.0,11568.92,0.0044653286907273
2017-01-30,8635.55,8662.6,8617.75,8632.75,314110760.0,9333.49,-0.0009841380903137
2017-01-31,8629.45,8631.75,8552.4,8561.3,537110119.0,14721.17,-0.008311062405448
2017-02-01,8570.35,8722.4,8537.5,8716.4,337797412.0,13494.05,0.0179542608590533
2017-02-02,8724.75,8757.6,8685.8,8734.25,292329202.0,11555.02,0.0020457697822656
2017-02-03,8735.15,8748.25,8707.75,8740.95,196936238.0,8193.45,0.0007668009897788
2017-02-06,8785.45,8814.1,8770.2,8801.05,200403782.0,8701.51,0.0068521531354571
2017-02-07,8805.7,8809.3,8741.05,8768.3,233294532.0,9060.63,-0.003728087599335
2017-02-08,8774.55,8791.25,8715.0,8769.05,225485726.0,9110.24,8.553173660309299e-05
2017-02-09,8795.55,8821.4,8724.1,8778.4,193282248.0,8972.67,0.0010656820090535
2017-02-10,8812.35,8822.1,8771.2,8793.55,232947341.0,10320.17,0.0017243395017456
2017-02-13,8819.8,8826.9,8754.2,8805.05,211180353.0,8659.48,0.0013069223275574
2017-02-14,8819.9,8820.45,8772.5,8792.3,194133563.0,8494.44,-0.0014490820755487
2017-02-15,8778.95,8807.9,8712.85,8724.7,222828919.0,10472.37,-0.0077182549050122
2017-02-16,8739.0,8783.95,8719.6,8778.0,190277738.0,9695.63,0.0060905077228478
2017-02-17,8883.7,8896.45,8804.25,8821.7,307526025.0,23432.58,0.0049660039441372
2017-02-20,8818.55,8886.25,8809.8,8879.2,173022362.0,7833.53,0.0064968676454531
2017-02-21,8890.75,8920.8,8860.95,8907.85,181091326.0,8863.71,0.0032214476011268
2017-02-22,8931.6,8960.75,8905.25,8926.9,254677956.0,13514.08,0.0021362797061755
2017-02-23,8956.4,8982.15,8927.55,8939.5,388874096.0,17243.08,0.0014104690468023
2017-02-27,8943.7,8951.8,8888.65,8896.7,195847099.0,10388.83,-0.0047992377468149
2017-02-28,8898.95,8914.75,8867.6,8879.6,302722890.0,13819.57,-0.0019239105184475
2017-03-01,8904.4,8960.8,8898.6,8945.8,212328974.0,9681.99,0.0074276374558894
2017-03-02,8982.85,8992.5,8879.8,8899.75,225608140.0,10075.19,-0.0051609619444392
2017-03-03,8883.5,8907.1,8860.1,8897.55,208915878.0,9783.57,-0.0002472285134494
2017-03-06,8915.1,8967.8,8914.0,8963.45,180194586.0,8955.06,0.0073792395765551
2017-03-07,8977.75,8977.85,8932.8,8946.9,178827506.0,8149.28,-0.0018480939468493
2017-03-08,8950.7,8957.05,8891.95,8924.3,183325544.0,9489.36,-0.0025292103549289
2017-03-09,8914.5,8945.8,8899.5,8927.0,176810453.0,8493.21,0.0003024989799723
2017-03-10,8953.7,8975.7,8903.95,8934.55,157419999.0,7385.28,0.0008453914077621
2017-03-14,9091.65,9122.75,9060.5,9087.0,278726933.0,14087.57,0.0169190371082229
2017-03-15,9086.85,9106.55,9075.5,9084.8,248033251.0,9671.51,-0.0002421334166949
2017-03-16,9129.65,9158.45,9128.55,9153.7,215096446.0,9275.05,0.0075554818394591
2017-03-17,9207.8,9218.4,9147.6,9160.05,295554265.0,13226.29,0.0006934680504509
2017-03-20,9166.95,9167.6,9116.3,9126.85,342395900.0,9251.16,-0.0036310185407633
2017-03-21,9133.95,9147.75,9087.2,9121.5,255396073.0,10191.6,-0.0005863543995246
2017-03-22,9047.2,9072.9,9019.3,9030.45,239463699.0,10065.92,-0.0100320641718666
2017-03-23,9048.75,9099.05,9048.6,9086.3,197705274.0,8699.36,0.0061655845474926
2017-03-24,9104.0,9133.55,9089.4,9108.0,210021581.0,8853.03,0.0023853635797301
2017-03-27,9093.45,9094.85,9024.65,9045.2,209036051.0,8921.57,-0.0069189179347912
2017-03-28,9081.5,9110.4,9079.8,9100.8,188985603.0,8139.28,0.0061280914799732
2017-03-29,9128.7,9153.15,9109.1,9143.8,250902906.0,11089.43,0.0047137322406658
2017-03-30,9142.6,9183.15,9136.35,9173.75,333410368.0,15585.42,0.0032700908897943
2017-03-31,9158.9,9191.7,9152.1,9173.75,196771674.0,10955.05,0.0
2017-04-03,9220.6,9245.35,9192.4,9237.85,143444541.0,8337.06,0.0069630297186553
2017-04-05,9264.4,9273.9,9215.4,9265.15,190529461.0,11461.96,0.0029508749726995
2017-04-06,9245.8,9267.95,9218.85,9261.95,191937207.0,10332.6,-0.0003454399265745
2017-04-07,9223.7,9250.5,9188.1,9198.3,195918747.0,10217.13,-0.0068959252700266
2017-04-10,9225.6,9225.65,9174.85,9181.45,139968750.0,8140.08,-0.001833540142888
2017-04-11,9184.55,9242.7,9172.85,9237.0,206261727.0,9385.2,0.0060320133814717
2017-04-12,9242.5,9246.4,9161.8,9203.45,166755013.0,8412.97,-0.003638743850405
2017-04-13,9202.5,9202.65,9144.95,9150.8,171695600.0,8908.17,-0.0057371066005767
2017-04-17,9144.75,9160.0,9120.25,9139.3,132244225.0,6473.27,-0.0012575110595836
2017-04-18,9163.0,9217.9,9095.45,9105.15,179569574.0,8527.5,-0.0037436085914588
2017-04-19,9112.2,9120.5,9075.15,9103.5,179117382.0,8950.27,-0.0001812325465661
2017-04-20,9108.1,9143.9,9102.65,9136.4,175629897.0,8843.5,0.0036074798304592
2017-04-21,9179.1,9183.65,9088.75,9119.4,159981265.0,8476.63,-0.0018624223440083
2017-04-24,9135.35,9225.4,9130.55,9217.95,172908048.0,9720.75,0.0107486576651702
2017-04-25,9273.05,9309.2,9250.35,9306.6,173896951.0,10426.02,0.0095711557631192
2017-04-26,9336.2,9367.0,9301.35,9351.85,191395120.0,10483.32,0.0048503588146408
2017-04-27,9359.15,9367.15,9322.65,9342.15,215881711.0,12910.38,-0.0010377662213055
2017-04-28,9340.95,9342.65,9282.25,9304.05,167229353.0,8673.32,-0.0040866292353611
2017-05-02,9339.85,9352.55,9269.9,9313.8,166558241.0,9110.59,0.0010473820437181
2017-05-03,9344.7,9346.3,9298.4,9311.95,156342492.0,7975.14,-0.0001986497194563
2017-05-04,9360.95,9365.65,9323.25,9359.9,277895923.0,12379.74,0.005136085112886
2017-05-05,9374.55,9377.1,9272.0,9285.3,239133531.0,10466.68,-0.0080021022113326
2017-05-08,9311.45,9338.7,9297.95,9314.05,179709949.0,8300.22,0.003091508348194
2017-05-09,9337.35,9338.95,9307.7,9316.85,136417428.0,7504.66,0.0003005759272048
2017-05-10,9339.65,9414.75,9336.0,9407.3,157363135.0,8619.06,0.0096613948903831
2017-05-11,9448.6,9450.65,9411.3,9422.4,176439840.0,9289.89,0.0016038495819746
2017-05-12,9436.65,9437.75,9372.55,9400.9,159079418.0,9813.47,-0.0022844038345893
2017-05-15,9433.55,9449.25,9423.1,9445.4,145163953.0,7790.97,0.0047224211331115
2017-05-16,9461.0,9517.2,9456.35,9512.25,171709433.0,9209.89,0.0070525911268201
2017-05-17,9517.6,9532.6,9486.1,9525.75,211856040.0,10726.23,0.0014182164368899
2017-05-18,9453.2,9489.1,9418.1,9429.45,199340647.0,10782.46,-0.0101608876222633
2017-05-19,9469.9,9505.75,9390.75,9427.9,259861396.0,11544.77,-0.0001643921339415
2017-05-22,9480.25,9498.65,9427.9,9438.25,202874757.0,9432.97,0.001097203302033
2017-05-23,9445.05,9448.05,9370.0,9386.15,231345629.0,11553.27,-0.0055353831230343
2017-05-24,9410.9,9431.9,9341.65,9360.55,218265181.0,11045.95,-0.0027311490462753
2017-05-25,9384.05,9523.3,9379.2,9509.75,298147347.0,16964.26,0.0158135386470695
2017-05-26,9507.75,9604.9,9495.4,9595.1,225647631.0,11204.36,0.0089349634062052
2017-05-29,9560.05,9637.75,9547.7,9604.9,242266034.0,12484.61,0.0010208334219841
2017-05-30,9590.65,9635.3,9581.2,9624.55,199894193.0,9765.4,0.0020437409119485
2017-05-31,9636.55,9649.6,9609.25,9621.25,427053433.0,19605.94,-0.0003429319677374
2017-06-01,9603.55,9634.65,9589.9,9616.1,181533283.0,9482.61,-0.0005354167931684
2017-06-02,9657.15,9673.5,9637.45,9653.5,167195027.0,8564.3,0.0038817668205125
2017-06-05,9656.3,9687.2,9640.7,9675.1,131685021.0,7192.24,0.0022350308860086
2017-06-06,9704.25,9709.3,9630.2,9637.15,150379695.0,8416.55,-0.0039301530218683
2017-06-07,9663.95,9678.55,9630.55,9663.9,165669924.0,8989.36,0.0027718716989275
2017-06-08,9682.4,9688.7,9641.5,9647.25,160165459.0,8822.63,-0.0017243928120047
2017-06-09,9638.55,9676.25,9608.15,9668.25,163897548.0,9078.71,0.0021744203643893
2017-06-12,9646.7,9647.05,9598.5,9616.4,145786938.0,7686.89,-0.00537734674371
2017-06-13,9615.55,9654.15,9595.4,9606.9,133734363.0,7056.83,-0.000988383968765
2017-06-14,9621.55,9627.4,9580.45,9618.15,187378750.0,10540.68,0.0011703481951004
2017-06-15,9617.9,9621.4,9560.8,9578.05,176423424.0,9868.08,-0.0041779162885074
2017-06-16,9595.45,9615.85,9565.5,9588.05,219808528.0,11920.62,0.0010435092071341
2017-06-19,9626.4,9673.3,9614.9,9657.55,146146062.0,8144.36,0.0072224614577819
2017-06-20,9670.5,9676.5,9643.75,9653.5,164437226.0,8476.67,-0.0004194489744864
2017-06-21,9648.1,9650.45,9608.6,9633.6,148490556.0,8023.4,-0.002063556165688
2017-06-22,9642.65,9698.85,9617.75,9630.0,204888654.0,10738.45,-0.0003737619180121
2017-06-23,9643.25,9647.65,9565.3,9574.95,180580579.0,9092.74,-0.0057329126890736
2017-06-27,9594.05,9615.4,9473.45,9511.4,209593904.0,11084.51,-0.0066592339389832
2017-06-28,9520.2,9522.5,9474.35,9491.25,177652206.0,9103.73,-0.0021207576366708
2017-06-29,9522.95,9575.8,9493.8,9504.1,267283587.0,13395.85,0.0013529629051498
2017-06-30,9478.5,9535.8,9448.75,9520.9,185202600.0,8783.59,0.0017660976995258
2017-07-03,9587.95,9624.0,9543.55,9615.0,188690599.0,8720.76,0.0098349968907607
2017-07-04,9645.9,9650.65,9595.5,9613.3,149313755.0,7774.69,-0.0001768227044959
2017-07-05,9619.75,9643.65,9607.35,9637.6,134849476.0,7311.1,0.0025245586342588
2017-07-06,9653.6,9700.7,9639.95,9674.55,152001940.0,7539.21,0.0038266112357331
2017-07-07,9670.35,9684.25,9642.65,9665.8,146232151.0,8514.53,-0.0009048440795538
2017-07-10,9719.3,9782.15,9646.45,9771.05,40142973.0,1920.78,0.0108300500059302
2017-07-11,9797.45,9830.05,9778.85,9786.05,185322358.0,9908.41,0.0015339700611368
2017-07-12,9807.3,9824.95,9787.7,9816.1,150045594.0,7966.44,0.003065992612029
2017-07-13,9855.8,9897.25,9853.45,9891.7,186866752.0,10244.56,0.0076721268560953
2017-07-14,9913.3,9913.3,9845.45,9886.35,164456602.0,9187.71,-0.0005410038027499
2017-07-17,9908.15,9928.2,9894.7,9915.95,168596771.0,8310.48,0.0029895539453158
2017-07-18,9832.7,9885.35,9792.05,9827.15,303007860.0,13184.22,-0.0089956084722646
2017-07-19,9855.95,9905.05,9851.65,9899.6,206376192.0,10935.6,0.0073453889516969
2017-07-20,9920.2,9922.55,9863.45,9873.3,166083004.0,8942.56,-0.0026602082152626
2017-07-21,9899.6,9924.7,9838.0,9915.25,193286125.0,11860.28,0.0042398319070059
2017-07-24,9936.8,9982.05,9919.6,9966.4,179905535.0,10837.2,0.0051454595421256
2017-07-25,10010.55,10011.3,9949.1,9964.55,191206247.0,10491.32,-0.0001856409258278
2017-07-26,9983.65,10025.95,9965.95,10020.65,203697844.0,11403.3,0.0056141692202992
2017-07-27,10063.25,10114.85,10005.5,10020.55,296782048.0,18601.99,-9.97944234889586e-06
2017-07-28,9996.55,10026.05,9944.5,10014.5,197491415.0,11996.8,-0.0006039416107164
2017-07-31,10034.7,10085.9,10016.95,10077.1,245096535.0,13131.89,0.0062314800782463
2017-08-01,10101.05,10128.6,10065.75,10114.65,190000516.0,11515.29,0.0037193451075221
2017-08-02,10136.3,10137.85,10054.2,10081.5,166463276.0,9165.92,-0.0032828068489253
2017-08-03,10081.15,10081.15,9998.25,10013.65,198665837.0,10714.1,-0.0067528988675471
2017-08-04,10008.6,10075.25,9988.35,10066.4,184082134.0,10397.88,0.0052539830671749
2017-08-07,10074.8,10088.1,10046.35,10057.4,141566282.0,7827.95,-0.0008944633319799
2017-08-08,10068.35,10083.8,9947.0,9978.55,209645343.0,10780.41,-0.0078708927771298
2017-08-09,9961.15,9969.8,9893.05,9908.05,174395293.0,8831.72,-0.0070902311450018
2017-08-10,9872.85,9892.65,9776.2,9820.25,242820594.0,12040.13,-0.0089009777507181
2017-08-11,9712.15,9771.65,9685.55,9710.8,294732998.0,13435.56,-0.0112079120919765
2017-08-14,9755.75,9818.3,9752.1,9794.15,201613585.0,9486.82,0.0085466004633149
2017-08-16,9825.85,9903.95,9773.85,9897.3,226269013.0,10815.38,0.0104767240088413
2017-08-17,9945.55,9947.8,9883.75,9904.15,203652311.0,9927.47,0.0006918685523784
2017-08-18,9865.95,9865.95,9783.65,9837.4,253931517.0,15636.16,-0.0067624127157378
2017-08-21,9864.25,9884.35,9740.1,9754.35,211627775.0,11764.0,-0.0084781091487364
2017-08-22,9815.75,9828.45,9752.6,9765.55,189267122.0,9850.89,0.0011475469883627
2017-08-23,9803.05,9857.9,9786.75,9852.5,173815509.0,9961.13,0.0088643437397835
2017-08-24,9881.2,9881.5,9848.85,9857.05,190398702.0,10392.63,0.000461705120698
2017-08-28,9907.15,9925.75,9882.0,9912.8,164493772.0,9900.06,0.0056399161124262
2017-08-29,9886.4,9887.35,9783.75,9796.05,178668444.0,8469.09,-0.0118476081191184
2017-08-30,9859.5,9909.45,9850.8,9884.4,162704136.0,8008.72,0.0089785135520387
2017-08-31,9905.7,9925.1,9856.95,9917.9,337782004.0,14619.43,0.003383448585086
2017-09-01,9937.65,9983.45,9909.85,9974.4,162730656.0,9314.82,0.0056806052527284
2017-09-04,9984.15,9988.4,9861.0,9912.85,153369495.0,8069.64,-0.0061899152999191
2017-09-05,9933.25,9963.1,9901.05,9952.2,143522342.0,7566.62,0.0039617369669533
2017-09-06,9899.25,9931.55,9882.55,9916.2,153767846.0,8926.98,-0.0036238488652164
2017-09-07,9945.85,9964.85,9917.2,9929.9,194626599.0,9455.48,0.0013806241202206
2017-09-08,9958.65,9963.6,9913.3,9934.8,168698771.0,8792.49,0.0004933374377041
2017-09-11,9971.75,10028.65,9968.8,10006.05,178409875.0,9545.94,0.0071461651047038
2017-09-12,10056.85,10097.55,10028.05,10093.05,188248293.0,9894.2,0.0086571581175898
2017-09-13,10099.25,10131.95,10063.15,10079.3,221608053.0,10682.41,-0.0013632523855159
2017-09-14,10107.4,10126.5,10070.35,10086.6,232637517.0,11047.46,0.0007239944975298
2017-09-15,10062.35,10115.15,10043.65,10085.4,274799134.0,13650.9,-0.0001189767996645
2017-09-18,10133.1,10171.7,10131.3,10153.1,160852680.0,8106.66,0.0066902440909391
2017-09-19,10175.6,10178.95,10129.95,10147.55,193345992.0,8796.21,-0.0005467805354285
2017-09-20,10160.95,10171.05,10134.2,10141.15,205605243.0,10105.71,-0.0006308930796236
2017-09-21,10139.6,10158.9,10058.6,10121.9,197710666.0,11114.28,-0.0019000106885297
2017-09-22,10094.35,10095.05,9952.8,9964.4,233621596.0,11941.88,-0.0156826521581862
2017-09-25,9960.1,9960.5,9816.05,9872.6,228206970.0,11258.68,-0.0092554978404498
2017-09-26,9875.25,9891.35,9813.0,9871.5,196792799.0,9754.02,-0.0001114256918409
2017-09-27,9920.6,9921.05,9714.4,9735.75,206305991.0,10127.39,-0.0138471401230699
2017-09-28,9736.4,9789.2,9687.55,9768.95,396874518.0,18962.4,0.0034043109674916
2017-09-29,9814.3,9854.0,9775.35,9788.6,202350211.0,11087.11,0.0020094548255865
2017-10-03,9893.3,9895.4,9831.05,9859.5,167833406.0,9698.55,0.007217014137449
2017-10-04,9884.35,9938.3,9850.65,9914.9,160993982.0,8790.29,0.0056032188026004
2017-10-05,9927.0,9945.95,9881.85,9888.7,152362417.0,7823.55,-0.0026459851023078
2017-10-06,9908.15,9989.35,9906.6,9979.7,201858899.0,9986.18,0.0091603386614215
2017-10-09,9988.2,10015.75,9959.45,9988.75,148395842.0,7425.19,0.0009064299552177
2017-10-10,10013.7,10034.0,10002.3,10016.95,153246570.0,8055.5,0.0028191983962086
2017-10-11,10042.6,10067.25,9955.8,9984.8,195593061.0,10227.9,-0.0032147214806372
2017-10-12,10011.2,10104.45,9977.1,10096.4,207106672.0,10579.8,0.0111149880432599
2017-10-13,10123.7,10191.9,10120.1,10167.45,237230047.0,12379.8,0.0070125164920819
2017-10-16,10207.4,10242.95,10175.1,10230.85,209327364.0,11774.68,0.0062162243084472
2017-10-17,10227.65,10251.85,10212.6,10234.45,201782377.0,10422.81,0.0003518150271076
2017-10-18,10209.4,10236.45,10175.75,10210.85,262111790.0,13177.83,-0.002308600067655
2017-10-19,10210.35,10211.95,10123.35,10146.55,31086379.0,1685.16,-0.0063171341949853
2017-10-23,10176.65,10224.15,10124.5,10184.85,224799211.0,12144.31,0.0037675757994539
2017-10-24,10218.55,10237.75,10182.4,10207.7,223914325.0,11539.73,0.0022410154260266
2017-10-25,10321.15,10340.55,10240.9,10295.35,612620774.0,25922.51,0.0085499995319851
2017-10-26,10291.8,10355.65,10271.85,10343.8,443036008.0,23135.46,0.0046949694146823
2017-10-27,10362.3,10366.15,10311.3,10323.05,322411410.0,15149.9,-0.0020080473775576
2017-10-30,10353.85,10384.5,10344.3,10363.65,244193178.0,12558.7,0.0039252323597793
2017-10-31,10364.9,10367.7,10323.95,10335.3,239809700.0,12830.06,-0.0027392710960959
2017-11-01,10390.35,10451.65,10383.05,10440.5,268270466.0,14206.21,0.0101272537393425
2017-11-02,10440.5,10453.0,10412.55,10423.8,207735021.0,10779.63,-0.0016008208822077
2017-11-03,10461.55,10461.7,10403.6,10452.5,206101238.0,10070.83,0.0027495311028114
2017-11-06,10431.75,10490.45,10413.75,10451.8,199559409.0,10231.76,-6.697186705724477e-05
2017-11-07,10477.15,10485.75,10340.8,10350.15,295830692.0,16182.46,-0.0097732000215435
2017-11-08,10361.95,10384.25,10285.5,10303.15,282950322.0,14789.39,-0.004551338636681
2017-11-09,10358.65,10368.45,10266.95,10308.95,247606613.0,12697.28,0.000562776248231
2017-11-10,10304.35,10344.95,10254.1,10321.75,287962940.0,14682.6,0.0012408693493102
2017-11-13,10322.0,10334.15,10216.25,10224.95,216799588.0,11783.34,-0.0094225073794829
2017-11-14,10223.4,10248.0,10175.55,10186.6,314413476.0,15398.97,-0.0037576808351824
2017-11-15,10171.95,10175.45,10094.0,10118.05,213836202.0,11609.18,-0.0067521735605621
2017-11-16,10152.9,10232.25,10139.2,10214.75,188180035.0,9995.55,0.0095117966114617
2017-11-17,10324.55,10343.6,10268.05,10283.6,209592893.0,11023.35,0.006717639118671
2017-11-20,10287.2,10309.85,10261.5,10298.75,151751415.0,8502.63,0.0014721353719149
2017-11-21,10329.25,10358.7,10315.05,10326.9,191859084.0,10443.99,0.0027296126404062
2017-11-22,10350.8,10368.7,10309.55,10342.3,162504058.0,9136.04,0.0014901401940726
2017-11-23,10358.45,10374.3,10307.3,10348.75,157651842.0,8789.42,0.0006234579887367
2017-11-24,10366.8,10404.5,10362.25,10389.7,133177324.0,8197.66,0.0039491913061697
2017-11-27,10361.05,10407.15,10340.2,10399.55,146276512.0,7551.71,0.0009476052033691
2017-11-28,10387.9,10409.55,10355.2,10370.25,202050866.0,9979.25,-0.0028214060257175
2017-11-29,10376.65,10392.95,10345.9,10361.3,157192930.0,8852.8,-0.0008634183701665
2017-11-30,10332.7,10332.7,10211.25,10226.55,353105240.0,19005.56,-0.0130904319021024
2017-12-01,10263.7,10272.7,10108.55,10121.8,147765528.0,8518.58,-0.0102957660266759
2017-12-04,10175.05,10179.2,10095.7,10127.75,153240126.0,8458.66,0.0005876673971755
2017-12-05,10118.25,10147.95,10069.1,10118.25,160253042.0,8749.09,-0.0009384570480314
2017-12-06,10088.8,10104.2,10033.35,10044.1,171208366.0,9598.82,-0.0073553265663711
2017-12-07,10063.45,10182.65,10061.9,10166.7,171339022.0,9910.28,0.0121322761898781
2017-12-08,10198.45,10270.85,10195.25,10265.65,206234019.0,11468.15,0.0096856968055916
2017-12-11,10310.5,10329.2,10282.05,10322.25,152034656.0,8453.76,0.0054983891116169
2017-12-12,10324.9,10326.1,10230.2,10240.15,180546894.0,10380.24,-0.0079854916040402
2017-12-13,10236.6,10296.55,10169.85,10192.95,187191964.0,10070.44,-0.004619963094515
2017-12-14,10229.3,10276.1,10141.55,10252.1,159103960.0,9549.23,0.0057862578014971
2017-12-15,10345.65,10373.1,10319.65,10333.25,262974703.0,15106.77,0.0078842886198327
2017-12-18,10263.1,10443.55,10074.8,10388.75,237506982.0,12921.61,0.0053566386167099
2017-12-19,10414.8,10472.2,10406.0,10463.2,174340665.0,10982.95,0.0071408493077066
2017-12-20,10494.4,10494.45,10437.15,10444.2,180597460.0,11303.0,-0.001817538788224
2017-12-21,10473.95,10473.95,10426.9,10440.3,156646972.0,9411.2,-0.0003734827307654
2017-12-22,10457.3,10501.1,10448.25,10493.0,143119167.0,8755.32,0.0050350505019577
2017-12-26,10512.3,10545.45,10477.95,10531.5,160417384.0,9043.77,0.0036623979675021
2017-12-27,10531.05,10552.4,10469.25,10490.75,170307122.0,9077.6,-0.0038768496273459
2017-12-28,10498.2,10534.55,10460.45,10477.9,281309989.0,14551.58,-0.0012256393815145
2017-12-29,10492.35,10538.7,10488.65,10530.7,156736221.0,8943.1,0.0050265235351317
2018-01-01,10531.7,10537.85,10423.1,10435.55,134532090.0,7546.56,-0.0090765542940951
2018-01-02,10477.55,10495.2,10404.65,10442.2,158092430.0,8665.47,0.0006370418483691
2018-01-03,10482.65,10503.6,10429.55,10443.2,172516859.0,9541.6,9.57606749944833e-05
2018-01-04,10469.4,10513.0,10441.45,10504.8,180257392.0,9561.95,0.0058812466638422
2018-01-05,10534.25,10566.1,10520.1,10558.85,186469717.0,10306.22,0.0051320752701052
2018-01-08,10591.7,10631.2,10588.55,10623.6,174181231.0,9907.27,0.0061135705901032
2018-01-09,10645.1,10659.15,10603.6,10637.0,211291563.0,10733.37,0.001260547846661
2018-01-10,10652.05,10655.5,10592.7,10632.2,181900014.0,9720.65,-0.000451356899318
2018-01-11,10637.05,10664.6,10612.35,10651.2,158630055.0,9635.01,0.0017854294940923
2018-01-12,10682.55,10690.4,10597.1,10681.25,180592153.0,11005.12,0.0028173060174616
2018-01-15,10718.5,10782.65,10713.8,10741.55,181262074.0,11333.11,0.0056295310837339
2018-01-16,10761.5,10762.35,10687.85,10700.45,217468081.0,12709.44,-0.0038336023072027
2018-01-17,10702.45,10803.0,10666.75,10788.55,260488465.0,14334.26,0.0081995898928507
2018-01-18,10873.4,10887.5,10782.4,10817.0,321609375.0,17930.3,0.0026335840970066
2018-01-19,10829.2,10906.85,10793.9,10894.7,214011963.0,11792.26,0.0071574618025462
2018-01-22,10883.2,10975.1,10881.4,10966.2,238815813.0,14469.06,0.0065413825556156
2018-01-23,10997.4,11092.9,10994.55,11083.7,293445774.0,16423.91,0.0106577455869852
2018-01-24,11069.35,11110.1,11046.15,11086.0,292197072.0,16915.14,0.0002074904043131
2018-01-25,11095.6,11095.6,11009.2,11069.65,340469462.0,19939.54,-0.0014759217597312
2018-01-29,11079.35,11171.55,11075.95,11130.4,249220726.0,16118.36,0.0054729743076483
2018-01-30,11120.85,11121.1,11033.9,11049.65,234969503.0,13232.19,-0.0072813502915512
2018-01-31,11018.8,11058.5,10979.3,11027.7,253462573.0,14459.69,-0.0019884639444954
2018-02-01,11044.55,11117.35,10878.8,11016.9,315743486.0,17719.4,-0.0009798318739341
2018-02-02,10938.2,10954.95,10736.1,10760.6,291431992.0,16542.51,-0.0235391421747733
2018-02-05,10604.3,10702.75,10586.8,10666.55,247479157.0,13980.63,-0.0087786386889738
2018-02-06,10295.15,10594.15,10276.3,10498.25,274656443.0,15606.34,-0.0159040999654231
2018-02-07,10607.2,10614.0,10446.4,10476.7,258095424.0,13971.66,-0.0020548327965133
2018-02-08,10518.5,10637.8,10479.55,10576.85,239407938.0,12569.23,0.009513906720447
2018-02-09,10416.5,10480.2,10398.2,10454.95,197502912.0,10602.15,-0.0115921000619162
2018-02-12,10518.2,10555.5,10485.4,10539.75,224114801.0,11133.78,0.0080782731984308
2018-02-14,10585.75,10590.55,10456.65,10500.9,236329440.0,12188.94,-0.0036928558908946
2018-02-15,10537.9,10618.1,10511.05,10545.5,217090245.0,11035.38,0.0042382608675997
2018-02-16,10596.2,10612.9,10434.05,10452.3,190043189.0,10026.71,-0.0088771787564361
2018-02-19,10488.9,10489.35,10302.75,10378.4,193087737.0,9871.36,-0.0070953266124304
2018-02-20,10391.0,10429.35,10347.65,10360.4,193464871.0,9619.95,-0.0017358771500669
2018-02-21,10426.0,10426.1,10349.6,10397.45,241331542.0,12996.36,0.0035697376504876
2018-02-22,10354.35,10397.55,10340.65,10382.7,323259078.0,17711.46,-0.0014196242546064
2018-02-23,10408.1,10499.1,10396.65,10491.05,217134363.0,12704.32,0.0103815532074071
2018-02-26,10526.55,10592.95,10520.2,10582.6,177238616.0,10274.89,0.0086886302033653
2018-02-27,10615.2,10631.65,10537.25,10554.3,193250158.0,10276.42,-0.0026777831101515
2018-02-28,10488.95,10535.5,10461.55,10492.85,294794221.0,16299.11,-0.0058392869919537
2018-03-01,10479.95,10525.5,10447.15,10458.35,181378504.0,10179.48,-0.0032933704210808
2018-03-05,10428.3,10428.7,10323.9,10358.85,199975720.0,10673.92,-0.0095594755991178
2018-03-06,10420.5,10441.35,10215.9,10249.25,229782297.0,12143.95,-0.0106366946333473
2018-03-07,10232.95,10243.35,10141.55,10154.2,257200599.0,12128.88,-0.0093171191731129
2018-03-08,10216.25,10270.35,10146.4,10242.65,233377712.0,11479.51,0.0086729621912598
2018-03-09,10271.3,10296.7,10211.9,10226.85,192333334.0,9874.81,-0.0015437605352231
2018-03-12,10301.6,10433.65,10295.45,10421.4,223135459.0,10968.95,0.0188447696473596
2018-03-13,10389.5,10478.6,10377.85,10426.85,274852794.0,23965.25,0.0005228256687392
2018-03-14,10393.05,10420.35,10336.3,10410.9,186991169.0,9564.68,-0.0015308757533812
2018-03-15,10405.45,10420.0,10346.2,10360.15,179308593.0,8588.01,-0.0048866187302434
2018-03-16,10345.15,10346.3,10180.25,10195.15,338702439.0,18811.97,-0.0160545984781632
2018-03-19,10215.35,10224.55,10075.3,10094.25,216670033.0,11111.43,-0.0099461622130384
2018-03-20,10051.55,10155.65,10049.1,10124.35,209327593.0,10947.12,0.0029774586011913
2018-03-21,10181.95,10227.3,10132.95,10155.25,211060429.0,11269.73,0.003047399742905
2018-03-22,10167.5,10207.85,10105.4,10114.75,237632983.0,11558.88,-0.0039960585982851
2018-03-23,9968.8,10027.7,9951.9,9998.05,294515154.0,14435.17,-0.011604680566535
2018-03-26,9989.15,10143.5,9958.55,10130.65,270665332.0,12695.47,0.0131754080670062
2018-03-27,10188.0,10207.9,10139.65,10184.15,232713976.0,11175.79,0.0052671080872007
2018-03-28,10143.6,10158.35,10096.9,10113.7,354977198.0,18807.48,-0.0069416497702654
2018-04-02,10151.65,10220.1,10127.75,10211.8,223135459.0,10968.95,0.0096529740222437
2018-04-03,10186.85,10255.35,10171.05,10245.0,211652029.0,10167.12,0.003245867305604
2018-04-04,10274.6,10279.85,10111.3,10128.4,238182921.0,11861.79,-0.0114464225981547
2018-04-05,10228.45,10331.8,10227.45,10325.15,244116235.0,11674.92,0.0192393074938962
2018-04-06,10322.75,10350.45,10290.85,10331.6,206355691.0,10131.74,0.0006244932246961
2018-04-09,10333.7,10397.7,10328.5,10379.35,228512954.0,10714.13,0.004611095541809
2018-04-10,10412.9,10424.85,10381.5,10402.25,259523888.0,11905.12,0.002203873548609
2018-04-11,10428.15,10428.15,10355.6,10417.15,258077363.0,11790.58,0.0014313575361352
2018-04-12,10410.65,10469.9,10395.25,10458.65,246027888.0,12249.66,0.0039759007720501
2018-04-13,10495.3,10519.9,10451.45,10480.6,219724716.0,12354.55,0.0020965419525609
2018-04-16,10398.3,10540.15,10396.35,10528.35,200950876.0,11242.05,0.0045456895487553
2018-04-17,10557.3,10560.45,10495.65,10548.7,212449535.0,10501.71,0.0019310108694935
2018-04-18,10578.9,10594.2,10509.7,10526.2,211823044.0,9888.65,-0.0021352422596178
2018-04-19,10563.65,10572.2,10546.2,10565.3,270740891.0,12559.11,0.0037076589897762
2018-04-20,10560.35,10582.35,10527.45,10564.05,252227268.0,15372.66,-0.0001183188315266
2018-04-23,10592.8,10638.35,10514.95,10584.7,200203196.0,13642.67,0.0019528347124542
2018-04-24,10578.1,10636.8,10569.0,10614.35,225972673.0,12281.53,0.0027972969858506
2018-04-25,10612.4,10612.6,10536.45,10570.55,195129613.0,11125.11,-0.0041350265905722
2018-04-26,10586.5,10628.4,10559.65,10617.8,345536167.0,19200.41,0.0044600054580314
2018-04-27,10651.65,10719.8,10647.55,10692.3,306671172.0,16886.89,0.0069920181993261
2018-04-30,10705.75,10759.0,10704.6,10739.35,179163468.0,10412.57,0.0043907095895181
2018-05-02,10783.85,10784.65,10689.8,10718.05,236757172.0,14820.58,-0.0019853297227271
2018-05-03,10720.15,10720.6,10647.45,10679.65,190869804.0,11018.21,-0.0035891746517569
2018-05-04,10700.45,10700.45,10601.6,10618.25,192296041.0,9721.56,-0.0057658426514528
2018-05-07,10653.15,10725.65,10635.65,10715.5,173620240.0,9239.44,0.0091170725845766
2018-05-08,10757.9,10758.55,10689.4,10717.8,278118616.0,12783.49,0.0002146193081632
2018-05-09,10693.35,10766.25,10689.85,10741.7,222115640.0,10390.92,0.00222745263233
2018-05-10,10779.65,10785.55,10705.0,10716.55,197988475.0,10526.38,-0.0023440878464996
2018-05-11,10741.95,10812.05,10724.45,10806.5,209392114.0,10432.43,0.0083585294552487
2018-05-14,10815.15,10834.85,10774.75,10806.6,176697512.0,9075.44,9.253647093659282e-06
2018-05-15,10812.6,10929.2,10781.4,10801.85,262202312.0,13582.7,-0.0004396428319947
2018-05-16,10751.95,10790.45,10699.7,10741.1,238221884.0,11359.48,-0.0056399110642633
2018-05-17,10775.6,10777.25,10664.5,10682.7,220738923.0,12506.3,-0.0054518941226662
2018-05-18,10671.85,10674.95,10589.1,10596.4,229908939.0,13908.47,-0.0081112897783238
2018-05-21,10616.7,10621.7,10505.8,10516.7,197294184.0,11346.13,-0.0075498509054843
2018-05-22,10518.45,10558.6,10490.55,10536.7,249236637.0,12017.36,0.0018999312240523
2018-05-23,10521.1,10533.55,10417.8,10430.35,299919120.0,13456.6,-0.0101445756136136
2018-05-24,10464.85,10535.15,10419.8,10513.85,306792497.0,12914.16,0.0079736101068204
2018-05-25,10533.05,10628.05,10524.0,10605.15,268914888.0,12431.16,0.0086462965847299
2018-05-28,10648.35,10709.8,10640.55,10688.65,239786001.0,11764.35,0.0078426986251568
2018-05-29,10689.4,10717.25,10616.1,10633.3,232761575.0,11817.39,-0.005191844491806
2018-05-30,10579.0,10648.7,10558.45,10614.35,246124259.0,12224.76,-0.001783727143887
2018-05-31,10670.1,10763.8,10620.4,10736.15,629198569.0,29479.77,0.0114096926381261
2018-06-01,10738.45,10764.75,10681.5,10696.2,227355567.0,12965.01,-0.0037280136120426
2018-06-04,10765.95,10770.3,10618.35,10628.5,210148313.0,14120.49,-0.0063494658726906
2018-06-05,10630.7,10633.15,10550.9,10593.15,172898027.0,10027.54,-0.003331506522406
2018-06-06,10603.45,10698.35,10587.5,10684.65,195761429.0,9920.75,0.0086005662256969
2018-06-07,10722.6,10818.0,10722.6,10768.35,227663151.0,11315.24,0.0078031440545139
2018-06-08,10736.4,10779.45,10709.05,10767.65,215942528.0,12360.88,-6.500742944348366e-05
2018-06-11,10781.85,10850.55,10777.05,10786.95,217849903.0,11384.97,0.0017908015140969
2018-06-12,10816.15,10856.55,10789.4,10842.85,204419184.0,11989.07,0.0051688064110242
2018-06-13,10887.5,10893.25,10842.65,10856.7,220003032.0,12982.8,0.0012765243408948
2018-06-14,10832.9,10833.7,10773.55,10808.05,190031664.0,11659.79,-0.0044911740754108
2018-06-15,10808.65,10834.0,10755.4,10817.7,314764425.0,19271.43,0.0008924546561854
2018-06-18,10830.2,10830.2,10787.35,10799.85,202727202.0,11182.48,-0.0016514363613613
2018-06-19,10789.45,10789.45,10701.2,10710.45,231382790.0,12290.16,-0.0083123447611347
2018-06-20,10734.65,10781.8,10724.05,10772.05,199467082.0,10858.35,0.0057349162184533
2018-06-21,10808.45,10809.6,10725.9,10741.1,230507383.0,12211.18,-0.0028773119094804
2018-06-22,10742.7,10837.0,10710.45,10821.85,236898415.0,13520.01,0.0074897337775892
2018-06-25,10822.9,10831.05,10753.05,10762.45,236693278.0,12012.41,-0.0055040144879465
2018-06-26,10742.7,10805.25,10732.55,10769.15,226846382.0,12113.53,0.0006223411373279
2018-06-27,10785.5,10785.5,10652.4,10671.4,253620792.0,13837.03,-0.0091182994159396
2018-06-28,10660.8,10674.2,10557.7,10589.1,363157327.0,20187.98,-0.0077420955375824
2018-06-29,10612.85,10723.05,10612.35,10714.3,250327878.0,14440.17,0.0117541276473212
2018-07-02,10732.35,10736.15,10604.65,10657.3,304536687.0,13591.3,-0.0053341944594397
2018-07-03,10668.6,10713.3,10630.25,10699.9,208371545.0,10896.89,0.0039892922757939
2018-07-04,10715.0,10777.15,10677.75,10769.9,179268271.0,10388.69,0.0065208104443272
2018-07-05,10786.05,10786.05,10726.25,10749.75,227267176.0,13676.58,-0.0018727075848253
2018-07-06,10744.15,10816.35,10735.05,10772.65,256547706.0,14006.48,0.0021280162660109
2018-07-09,10838.3,10860.35,10807.15,10852.9,189331016.0,10843.92,0.0074218106239193
2018-07-10,10902.75,10956.9,10876.65,10947.25,203061980.0,12834.85,0.0086559577894496
2018-07-11,10956.4,10976.65,10923.0,10948.3,229211999.0,15944.45,9.590989957362648e-05
2018-07-12,11006.95,11078.3,10999.65,11023.2,256034815.0,15787.28,0.0068179496293051
2018-07-13,11056.9,11071.35,10999.75,11018.9,241670818.0,14744.56,-0.0003901624667839
2018-07-16,11018.95,11019.5,10926.25,10936.85,216971413.0,13709.57,-0.0074741588844156
2018-07-17,10939.65,11018.5,10925.6,11008.05,217107580.0,12649.4,0.0064890019854781
2018-07-18,11060.2,11076.2,10956.3,10980.45,232502459.0,13320.2,-0.002510404483698
2018-07-19,10999.5,11006.5,10935.45,10957.1,222056399.0,12199.98,-0.0021287708807833
2018-07-20,10963.5,11030.25,10946.2,11010.2,193144113.0,14105.94,0.0048344679065168
2018-07-23,11019.85,11093.4,11010.95,11084.75,236153085.0,14932.51,0.0067481739405328
2018-07-24,11109.0,11143.4,11092.5,11134.3,212247395.0,13931.15,0.0044601440782581
2018-07-25,11148.4,11157.15,11113.25,11132.0,212333169.0,12528.8,-0.0002065902290169
2018-07-26,11132.95,11185.85,11125.7,11167.3,376657398.0,21595.33,0.0031660213088618
2018-07-27,11232.75,11283.4,11210.25,11278.35,324343457.0,15203.09,0.0098950938021973
2018-07-30,11296.65,11328.1,11261.45,11319.55,287435926.0,14716.66,0.0036463605599989
2018-07-31,11311.05,11366.0,11267.75,11356.5,264430889.0,15297.4,0.0032589478946312
2018-08-01,11359.8,11390.55,11313.55,11346.2,278012697.0,14436.12,-0.0009073811226593
2018-08-02,11328.9,11328.9,11234.95,11244.7,216533127.0,12267.66,-0.0089859795750619
2018-08-03,11297.8,11368.0,11294.55,11360.8,225146360.0,12984.66,0.0102719268170534
2018-08-06,11401.5,11427.65,11370.6,11387.1,210002582.0,11321.55,0.0023123023855633
2018-08-07,11423.15,11428.95,11359.7,11389.45,233409612.0,12457.71,0.0002063525870545
2018-08-08,11412.5,11459.95,11379.3,11450.0,217047641.0,12422.62,0.0053022416789647
2018-08-09,11493.25,11495.2,11454.1,11470.7,311521403.0,15842.76,0.0018062280495573
2018-08-10,11474.95,11478.75,11419.65,11429.5,336424182.0,15738.26,-0.00359822573184
2018-08-13,11369.6,11406.3,11340.3,11355.75,254466760.0,12899.22,-0.0064735087435117
2018-08-14,11381.7,11452.45,11370.8,11435.1,239841680.0,13935.35,0.0069633489429444
2018-08-16,11397.15,11449.85,11366.25,11385.05,299610298.0,17081.62,-0.004386481267817
2018-08-17,11437.15,11486.45,11431.8,11470.75,241985503.0,13275.31,0.0074992257226116
2018-08-20,11502.1,11565.3,11499.65,11551.75,239843358.0,14119.93,0.0070366236698632
2018-08-21,11576.2,11581.75,11539.6,11570.9,231063669.0,13528.83,0.0016563849194054
2018-08-23,11620.7,11620.7,11546.7,11582.75,256163842.0,16117.77,0.0010235968009065
2018-08-24,11566.6,11604.6,11532.0,11557.1,225604574.0,13019.55,-0.0022169556419407
2018-08-27,11605.85,11700.95,11595.6,11691.95,205689327.0,11707.5,0.0116006040911009
2018-08-28,11731.95,11760.2,11710.5,11738.5,249420312.0,13946.7,0.0039734671118972
2018-08-29,11744.95,11753.2,11678.85,11691.9,259351550.0,14324.65,-0.0039777435676563
2018-08-30,11694.75,11698.8,11639.7,11676.8,323450305.0,18275.54,-0.001292327095778
2018-08-31,11675.85,11727.65,11640.1,11680.5,357230312.0,20755.73,0.0003168174430219
2018-09-03,11751.8,11751.8,11567.4,11582.35,241726864.0,16139.58,-0.0084383970501899
2018-09-04,11598.75,11602.55,11496.85,11520.3,262701030.0,16254.78,-0.0053716910574899
2018-09-05,11514.85,11542.65,11393.85,11476.95,253689858.0,15078.23,-0.0037700204454571
2018-09-06,11514.15,11562.25,11436.05,11536.9,255558129.0,15161.0,0.0052099179931275
2018-09-07,11558.25,11603.0,11484.4,11589.1,305029077.0,16441.02,0.0045144070442281
2018-09-10,11570.25,11573.0,11427.3,11438.1,295597988.0,16513.89,-0.0131151129451248
2018-09-11,11476.85,11479.4,11274.0,11287.5,318093125.0,18745.54,-0.0132539694990032
2018-09-12,11340.1,11380.75,11250.2,11369.9,276509748.0,15567.9,0.0072735939059058
2018-09-14,11443.5,11523.25,11430.55,11515.2,285218296.0,16423.36,0.0126983891223931
2018-09-17,11464.95,11464.95,11366.9,11377.75,207620518.0,11294.84,-0.012008207911445
2018-09-18,11381.55,11411.45,11268.95,11278.9,248298794.0,13814.11,-0.0087259702757044
2018-09-19,11326.65,11332.05,11210.9,11234.35,258424384.0,15116.69,-0.0039576745382891
2018-09-21,11271.3,11346.8,10866.45,11143.1,741153209.0,35131.19,-0.0081555767773956
2018-09-24,11164.4,11170.15,10943.6,10967.4,398815949.0,23023.34,-0.0158932361000922
2018-09-25,10969.95,11080.6,10882.85,11067.45,417548830.0,22878.57,0.0090811317133792
2018-09-26,11145.55,11145.55,10993.05,11053.8,351041146.0,17803.68,-0.0012341076324745
2018-09-27,11079.8,11089.45,10953.35,10977.55,418210067.0,22582.86,-0.0069219820348958
2018-09-28,11008.1,11034.1,10850.3,10930.45,492894147.0,23227.86,-0.0042998057847973
2018-10-01,10930.9,11035.65,10821.55,11008.3,398987274.0,20391.72,0.0070970612969229
2018-10-03,10982.7,10989.05,10843.75,10858.25,398756507.0,21225.59,-0.0137243740103451
2018-10-04,10754.7,10754.7,10547.25,10599.25,438202008.0,23711.57,-0.0241419158184583
2018-10-05,10514.1,10540.65,10261.9,10316.45,625153832.0,25254.21,-0.0270435352713576
2018-10-08,10310.15,10398.35,10198.4,10348.05,470279031.0,22130.94,0.0030583875372252
2018-10-09,10390.3,10397.6,10279.35,10301.05,443795275.0,18285.41,-0.0045522643762188
2018-10-10,10331.85,10482.35,10318.25,10460.1,373844130.0,19592.59,0.0153221870330677
2018-10-11,10169.8,10335.95,10138.6,10234.65,498509417.0,21907.13,-0.0217889966769341
2018-10-12,10331.55,10492.45,10322.15,10472.5,354056762.0,18606.04,0.0229737516954634
2018-10-15,10524.2,10526.3,10410.15,10512.5,267517728.0,14372.15,0.0038122514600135
2018-10-16,10550.15,10604.9,10525.3,10584.75,273444095.0,15453.03,0.0068492606810225
2018-10-17,10688.7,10710.15,10436.45,10453.05,293586908.0,17173.14,-0.0125204841251644
2018-10-19,10339.7,10380.1,10249.6,10303.55,368552204.0,20505.66,-0.0144053058068405
2018-10-22,10405.85,10408.55,10224.0,10245.25,306472776.0,17241.94,-0.0056743125075594
2018-10-23,10152.6,10222.1,10102.35,10146.8,312042090.0,18114.71,-0.0096557986970183
2018-10-24,10278.15,10290.65,10126.7,10224.75,362272428.0,19413.24,0.0076528669087056
2018-10-25,10135.05,10166.6,10079.3,10124.9,522421914.0,23503.76,-0.0098135153515921
2018-10-26,10122.35,10128.85,10004.55,10030.0,375563273.0,16120.14,-0.0094171344267753
2018-10-29,10078.1,10275.3,10020.35,10250.85,375749433.0,17514.85,0.0217800270016018
2018-10-30,10239.4,10285.1,10175.35,10198.4,298753965.0,14789.51,-0.0051297837345658
2018-10-31,10209.55,10396.0,10105.1,10386.6,386618948.0,21513.85,0.0182856685877215
2018-11-01,10441.7,10441.9,10341.9,10380.45,359340403.0,18111.88,-0.0005922844293999
2018-11-02,10462.3,10606.95,10457.7,10553.0,434175607.0,21758.8,0.0164859502897512
2018-11-05,10558.75,10558.8,10477.0,10524.0,311176379.0,14761.17,-0.0027518165109068
2018-11-06,10552.0,10600.25,10491.45,10530.0,309878810.0,14006.19,0.0005699629678378
2018-11-07,10614.45,10616.45,10582.3,10598.4,32194181.0,1534.08,0.0064747201828098
2018-11-09,10614.7,10619.55,10544.85,10585.2,305817331.0,15294.83,-0.0012462472581095
2018-11-12,10607.8,10645.5,10464.05,10482.2,267710127.0,13445.33,-0.0097782185444554
2018-11-13,10451.9,10596.25,10440.55,10582.5,262541595.0,13078.98,0.0095231128868126
2018-11-14,10634.9,10651.6,10532.7,10576.3,396373781.0,19374.89,-0.0005860445939702
2018-11-15,10580.6,10646.5,10557.5,10616.7,306011926.0,14937.67,0.0038125842435878
2018-11-16,10644.0,10695.15,10631.15,10682.2,353384918.0,16728.88,0.0061505717653091
2018-11-19,10731.25,10774.7,10688.8,10763.4,280522364.0,13540.9,0.0075726851230944
2018-11-20,10740.1,10740.85,10640.85,10656.2,304322623.0,13077.24,-0.0100096075602917
2018-11-21,10670.95,10671.3,10562.35,10600.05,310191008.0,15382.32,-0.0052831643026424
2018-11-22,10612.65,10646.25,10512.0,10526.75,246926671.0,12254.36,-0.0069390815571901
2018-11-26,10568.3,10637.8,10489.75,10628.6,332863041.0,15927.25,0.0096288444213244
2018-11-27,10621.45,10695.15,10596.35,10685.6,382834178.0,17296.28,0.0053485597285956
2018-11-28,10708.75,10757.8,10699.85,10728.85,437627174.0,17737.28,0.0040393340764166
2018-11-29,10808.7,10883.05,10782.35,10858.7,712650890.0,26283.43,0.0120302272426582
2018-11-30,10892.1,10922.45,10835.1,10876.75,467857329.0,19964.33,0.0016608815689837
2018-12-03,10930.7,10941.2,10845.35,10883.75,422358631.0,18484.91,0.000643367591871
2018-12-04,10877.1,10890.95,10833.35,10869.5,332137359.0,15857.16,-0.0013101492455916
2018-12-05,10820.45,10821.05,10747.95,10782.9,322019985.0,15176.26,-0.007999155915161
2018-12-06,10718.15,10722.65,10588.25,10601.15,328275196.0,16488.87,-0.0169990602005523
2018-12-07,10644.8,10704.55,10599.35,10693.7,335849636.0,18597.83,0.0086922972197649
2018-12-10,10508.7,10558.85,10474.95,10488.45,393097292.0,16524.36,-0.0193801312997035
2018-12-11,10350.05,10567.15,10333.85,10549.15,438699334.0,20112.91,0.0057706362364179
2018-12-12,10591.0,10752.2,10560.8,10737.6,371697496.0,17447.45,0.0177063124659751
2018-12-13,10810.75,10838.6,10749.5,10791.55,387810061.0,17582.8,0.0050118200605062
2018-12-14,10784.5,10815.75,10752.1,10805.45,350579275.0,14486.1,0.0012872159947467
2018-12-17,10853.2,10900.35,10844.85,10888.35,306145514.0,12528.59,0.0076427738366829
2018-12-18,10850.9,10915.4,10819.1,10908.7,294942271.0,13556.45,0.0018672256945391
2018-12-19,10930.55,10985.15,10928.0,10967.3,321801803.0,17172.64,0.0053574821872709
2018-12-20,10885.2,10962.55,10880.05,10951.7,328802751.0,14945.94,-0.0014234228417328
2018-12-21,10944.25,10963.65,10738.65,10754.0,389235107.0,18663.85,-0.0182169169663647
2018-12-24,10780.9,10782.3,10649.25,10663.5,230291344.0,10695.6,-0.0084510833319759
2018-12-26,10635.45,10747.5,10534.55,10729.85,271942701.0,12831.99,0.0062028819926444
2018-12-27,10817.9,10834.2,10764.45,10779.8,470160392.0,19119.88,0.0046444353848936
2018-12-28,10820.95,10893.6,10817.15,10859.9,253086507.0,12615.01,0.0074030939272151
2018-12-31,10913.2,10923.55,10853.2,10862.55,186494657.0,10176.13,0.0002439872125976
2019-01-01,10881.7,10923.6,10807.1,10910.1,159404542.0,8688.26,0.0043678721329528
2019-01-02,10868.85,10895.35,10735.05,10792.5,309665939.0,15352.25,-0.0108375172583187
2019-01-03,10796.8,10814.05,10661.25,10672.25,286241745.0,15030.45,-0.0112045337615006
2019-01-04,10699.7,10741.05,10628.65,10727.35,296596655.0,14516.74,0.0051496403451855
2019-01-07,10804.85,10835.95,10750.15,10771.8,269371080.0,12731.29,0.0041350530915205
2019-01-08,10786.25,10818.45,10733.25,10802.15,277697672.0,13433.48,0.0028135802689328
2019-01-09,10862.4,10870.4,10749.4,10855.15,333010535.0,16213.3,0.0048944333599588
2019-01-10,10859.35,10859.35,10801.8,10821.6,254365477.0,12031.26,-0.0030954849587457
2019-01-11,10834.75,10850.15,10739.4,10794.95,260792200.0,13084.6,-0.0024657046107725
2019-01-14,10807.0,10808.0,10692.35,10737.6,298774178.0,12732.57,-0.0053268317602367
2019-01-15,10777.55,10896.95,10777.55,10886.8,310737078.0,14879.91,0.0137994457748007
2019-01-16,10899.65,10928.15,10876.9,10890.3,276539042.0,13081.63,0.0003214385781519
2019-01-17,10920.85,10930.65,10844.65,10905.2,271676319.0,13215.83,0.0013672549215348
2019-01-18,10914.85,10928.2,10852.2,10906.95,323814108.0,16408.83,0.000160461027799
2019-01-21,10919.35,10987.45,10885.75,10961.85,288829125.0,17289.7,0.0050208621718052
2019-01-22,10949.8,10949.8,10864.15,10922.75,300768112.0,17483.62,-0.0035732927815691
2019-01-23,10931.05,10944.8,10811.95,10831.5,298876314.0,14736.91,-0.0083892145371514
2019-01-24,10844.05,10866.6,10798.65,10849.8,361082096.0,15298.48,0.0016880910596428
2019-01-25,10859.75,10931.7,10756.45,10780.55,463444758.0,20542.36,-0.0064030620493343
2019-01-28,10792.45,10804.45,10630.95,10661.55,419682627.0,21144.33,-0.0110997730427548
2019-01-29,10653.7,10690.35,10583.65,10652.2,356908994.0,18832.06,-0.0008773679525922
2019-01-30,10702.25,10710.2,10612.85,10651.8,410107910.0,21214.81,-3.755163350058068e-05
2019-01-31,10690.55,10838.05,10678.55,10830.95,604818027.0,27471.18,0.0166788845053624
2019-02-01,10851.35,10983.45,10813.45,10893.65,482272661.0,23112.37,0.0057722742045844
2019-02-04,10876.75,10927.9,10814.15,10912.25,318300039.0,15478.81,0.0017059607272313
2019-02-05,10908.65,10956.7,10886.7,10934.35,268095127.0,13435.13,0.0020231988079203
2019-02-06,10965.1,11072.6,10962.7,11062.45,298510497.0,15172.85,0.0116472803460539
2019-02-07,11070.45,11118.1,11043.6,11069.4,263544426.0,13542.69,0.0006280541598151
2019-02-08,11023.5,11041.2,10925.45,10943.6,352787419.0,15507.05,-0.011429734205002
2019-02-11,10930.9,10930.9,10857.1,10888.8,285985383.0,13818.92,-0.0050200724689087
2019-02-12,10879.7,10910.9,10823.8,10831.4,292314643.0,14424.78,-0.0052854148327613
2019-02-13,10870.55,10891.65,10772.1,10793.65,321958549.0,15360.98,-0.0034913249537601
2019-02-14,10786.1,10792.7,10718.75,10746.05,627041405.0,20797.41,-0.0044197530593
2019-02-15,10780.25,10785.75,10620.4,10724.4,521876968.0,20733.95,-0.0020167259966956
2019-02-18,10738.65,10759.9,10628.4,10640.95,345440240.0,14903.19,-0.0078117535511575
2019-02-19,10636.7,10722.85,10585.65,10604.35,291507060.0,13765.01,-0.0034454713472979
2019-02-20,10655.45,10752.7,10646.4,10735.45,289195306.0,13209.71,0.0122870551140992
2019-02-21,10744.1,10808.85,10721.5,10789.85,279584955.0,14758.5,0.0050545280036699
2019-02-22,10782.7,10801.55,10758.4,10791.65,396846597.0,24386.42,0.0001668095363318
2019-02-25,10813.25,10887.1,10788.05,10880.1,385905142.0,16466.09,0.0081627456131734
2019-02-26,10775.3,10888.75,10729.3,10835.3,414954476.0,19186.75,-0.0041261099090206
2019-02-27,10881.2,10939.7,10751.2,10806.65,381080073.0,18313.85,-0.0026476372726424
2019-02-28,10865.7,10865.7,10784.85,10792.5,644159018.0,27123.34,-0.0013102369328699
2019-03-01,10842.65,10877.9,10823.1,10863.5,308526309.0,15010.06,0.0065570977456633
2019-03-05,10864.85,10994.9,10817.0,10987.45,373220239.0,17960.03,0.0113451661820713
2019-03-06,11024.85,11062.3,10998.85,11053.0,372550850.0,17850.93,0.005948171953588
2019-03-07,11077.95,11089.05,11027.1,11058.2,321208766.0,15321.68,0.0004703498766115
2019-03-08,11038.85,11049.0,11008.95,11035.4,326569833.0,14369.77,-0.002063946852823
2019-03-11,11068.75,11180.9,11059.85,11168.05,352242287.0,17349.95,0.0119487357347515
2019-03-12,11231.35,11320.4,11227.0,11301.2,391310519.0,20861.35,0.0118518916829451
2019-03-13,11326.2,11352.3,11276.6,11341.7,382996187.0,20851.67,0.0035772841102276
2019-03-14,11382.5,11383.45,11313.75,11343.25,294480678.0,15661.05,0.0001366544781814
2019-03-15,11376.85,11487.0,11370.8,11426.85,463704896.0,25143.26,0.0073429959147711
2019-03-18,11473.85,11530.15,11412.5,11462.2,320250041.0,16942.22,0.0030888156656173
2019-03-19,11500.3,11543.85,11451.25,11532.4,326099667.0,16179.92,0.0061058003263835
2019-03-20,11553.35,11556.1,11503.1,11521.05,366298049.0,18311.44,-0.0009846683179353
2019-03-22,11549.2,11572.8,11434.55,11456.9,386193935.0,19755.74,-0.0055836283625349
2019-03-25,11395.65,11395.65,11311.6,11354.25,294459196.0,14101.14,-0.0090000454070535
2019-03-26,11375.2,11496.75,11352.45,11483.25,282575496.0,14611.68,0.0112973286932164
2019-03-27,11531.45,11546.2,11413.0,11445.05,350446089.0,18356.52,-0.0033321297562249
2019-03-28,11463.65,11588.5,11452.45,11570.0,527678809.0,25719.65,0.0108582190906331
2019-03-29,11625.45,11630.35,11570.15,11623.9,416276981.0,20515.25,0.0046477821348202
2019-04-01,11665.2,11738.1,11644.75,11669.15,379572660.0,18977.99,0.0038852839728881
2019-04-02,11711.55,11729.35,11655.85,11713.2,386131413.0,18673.7,0.003767803673489
2019-04-03,11735.3,11761.0,11629.15,11643.95,365760070.0,19050.95,-0.0059296791696504
2019-04-04,11660.2,11662.55,11559.2,11598.0,349029830.0,19713.01,-0.0039540623628834
2019-04-05,11638.4,11689.65,11609.5,11665.95,266665797.0,15000.35,0.0058416729088147
2019-04-08,11704.35,11710.3,11549.1,11604.5,260932608.0,14203.96,-0.0052813884420512
2019-04-09,11612.05,11683.9,11569.7,11671.95,300467538.0,15984.39,0.0057955735342997
2019-04-10,11646.85,11680.05,11571.75,11584.3,359941110.0,22258.46,-0.0075377943572383
2019-04-11,11592.55,11606.7,11550.55,11596.7,279775726.0,14332.2,0.0010698417827284
2019-04-12,11612.85,11657.35,11578.8,11643.45,246006184.0,13598.61,0.0040232152597085
2019-04-15,11667.0,11704.6,11648.25,11690.35,289996075.0,15635.79,0.0040199250150301
2019-04-16,11736.2,11810.95,11731.55,11787.15,354315040.0,17585.48,0.0082462398923668
2019-04-18,11856.15,11856.15,11738.5,11752.8,339653709.0,18271.27,-0.0029184449738277
2019-04-22,11727.05,11727.05,11583.95,11594.45,260356055.0,13754.12,-0.0135649747305203
2019-04-23,11612.95,11645.95,11564.8,11575.95,272544486.0,14500.53,-0.0015968653049767
2019-04-24,11601.5,11740.85,11578.85,11726.15,335196513.0,17046.66,0.0128917205075849
2019-04-25,11735.7,11796.75,11624.3,11641.8,604360395.0,28254.3,-0.0072193210230233
2019-04-26,11683.75,11762.9,11661.75,11754.65,333483764.0,18098.83,0.0096468374616017
2019-04-30,11748.75,11756.25,11655.9,11748.15,532630874.0,23324.98,-0.000553125599139
2019-05-02,11725.55,11789.3,11699.55,11724.75,380278045.0,17790.06,-0.001993789242201
2019-05-03,11722.6,11770.9,11699.35,11712.25,305519934.0,15156.32,-0.00106668952385
2019-05-06,11605.8,11632.55,11571.35,11598.25,299046480.0,14703.42,-0.0097810779570294
2019-05-07,11651.5,11657.05,11484.45,11497.9,337495624.0,16632.84,-0.0086898146639726
2019-05-08,11478.7,11479.1,11346.95,11359.45,372826025.0,17440.01,-0.0121144133705744
2019-05-09,11322.4,11357.6,11255.05,11301.8,373028059.0,17602.86,-0.0050879915599159
2019-05-10,11314.15,11345.8,11251.05,11278.9,387323416.0,18085.19,-0.0020282814838106
2019-05-13,11258.7,11300.2,11125.6,11148.2,357586433.0,16722.91,-0.0116556736877325
2019-05-14,11151.65,11294.75,11108.3,11222.05,398122725.0,19906.38,0.0066025429561064
2019-05-15,11271.7,11286.8,11136.95,11157.0,414174258.0,17931.75,-0.0058134892415845
2019-05-16,11180.35,11281.55,11143.35,11257.1,350734572.0,15629.57,0.0089319370836315
2019-05-17,11261.9,11426.15,11259.85,11407.15,412109200.0,20177.63,0.0132413110849143
2019-05-20,11651.9,11845.2,11591.7,11828.25,452096261.0,25223.78,0.0362503862740512
2019-05-21,11863.65,11883.55,11682.8,11709.1,381038129.0,20324.67,-0.0101244207845429
2019-05-22,11727.95,11784.8,11682.4,11737.9,355870667.0,19582.41,0.0024566054918568
2019-05-23,11901.3,12041.15,11614.5,11657.05,569030654.0,31180.08,-0.0069117755642064
2019-05-24,11748.0,11859.0,11658.1,11844.1,374637415.0,20028.49,0.0159187061005044
2019-05-27,11855.5,11957.15,11812.4,11924.75,348356214.0,17735.36,0.0067862188968109
2019-05-28,11958.35,11958.55,11864.9,11928.75,598308334.0,28833.54,0.0003353805552639
2019-05-29,11905.8,11931.9,11836.8,11861.1,318068673.0,15985.92,-0.0056873147454005
2019-05-30,11865.3,11968.55,11859.4,11945.9,421199867.0,20261.85,0.007123985268305
2019-05-31,11999.8,12039.25,11829.45,11922.8,438879129.0,22789.0,-0.001935589890696
2019-06-03,11953.75,12103.05,11920.1,12088.55,315296955.0,17451.36,0.0138061902229181
2019-06-04,12052.65,12095.2,12005.85,12021.65,289221904.0,15308.28,-0.0055495327035804
2019-06-06,12039.8,12039.8,11830.25,11843.75,415206942.0,21144.77,-0.0149088886181729
2019-06-07,11865.2,11897.5,11769.5,11870.65,302455910.0,14939.4,0.0022686647385131
2019-06-10,11934.9,11975.05,11871.75,11922.7,303329445.0,13125.41,0.0043751790335728
2019-06-11,11959.85,12000.35,11904.35,11965.6,332181958.0,15392.28,0.003591720308194
2019-06-12,11962.45,11962.45,11866.35,11906.2,283718253.0,14120.17,-0.0049765935198887
2019-06-13,11873.9,11931.35,11817.05,11914.05,447901993.0,18680.91,0.0006591030979255
2019-06-14,11910.1,11911.85,11797.7,11823.3,390294634.0,16226.57,-0.0076462151114719
2019-06-17,11844.0,11844.05,11657.75,11672.15,295528399.0,13851.67,-0.0128664984236451
2019-06-18,11677.05,11727.2,11641.15,11691.5,365525622.0,16120.69,0.0016564196454115
2019-06-19,11744.45,11802.5,11625.1,11691.45,446933027.0,18722.71,-4.2766203578887255e-06
2019-06-20,11653.65,11843.5,11635.05,11831.75,442016954.0,18839.11,0.0119287906130104
2019-06-21,11827.6,11827.95,11705.1,11724.1,468430388.0,23346.13,-0.0091400437195816
2019-06-24,11725.8,11754.0,11670.2,11699.65,277620788.0,12631.38,-0.0020876254980344
2019-06-25,11681.0,11814.4,11651.0,11796.45,300476353.0,13822.83,0.0082397119239697
2019-06-26,11768.15,11871.85,11757.55,11847.55,327885018.0,14650.89,0.004322456400025
2019-06-27,11860.85,11911.15,11821.05,11841.55,480169350.0,23300.3,-0.0005065621005696
2019-06-28,11861.15,11871.7,11775.5,11788.85,303888701.0,15191.9,-0.0044603635462361
2019-07-01,11839.9,11884.65,11830.8,11865.6,278415889.0,12874.96,0.0064892880057533
2019-07-02,11890.3,11917.45,11814.7,11910.3,363197036.0,13615.94,0.0037601144575602
2019-07-03,11932.15,11945.2,11887.05,11916.75,340527508.0,14290.33,0.0005414014875993
2019-07-04,11928.8,11969.25,11923.65,11946.75,333595172.0,14758.87,0.0025143014062712
2019-07-05,11964.75,11981.75,11797.9,11811.15,530720039.0,18871.99,-0.0114152742862547
2019-07-08,11770.4,11771.9,11523.3,11558.6,464029444.0,19146.25,-0.0216142519307472
2019-07-09,11531.6,11582.55,11461.0,11555.9,442520253.0,21577.95,-0.0002336195904978
2019-07-10,11536.15,11593.7,11475.65,11498.9,337571014.0,16098.53,-0.00494475043289
2019-07-11,11561.45,11599.0,11519.5,11582.9,317257578.0,14586.2,0.0072784939506443
2019-07-12,11601.15,11639.55,11538.6,11552.5,359421182.0,16947.57,-0.0026280088086903
2019-07-15,11614.75,11618.4,11532.3,11588.35,368788782.0,15835.99,0.0030984193476558
2019-07-16,11596.65,11670.05,11573.95,11662.6,480156167.0,15967.91,0.006386857517651
2019-07-17,11670.75,11706.65,11651.15,11687.5,464827734.0,15250.5,0.0021327539872141
2019-07-18,11675.6,11677.15,11582.4,11596.9,498258158.0,16684.03,-0.0077820735971374
2019-07-19,11627.95,11640.35,11399.3,11419.25,446049198.0,17326.4,-0.0154372932021438
2019-07-22,11392.85,11398.15,11301.25,11346.2,516044335.0,19304.23,-0.0064176417088494
2019-07-23,11372.25,11398.15,11302.8,11331.05,458931191.0,19199.32,-0.0013361410447835
2019-07-24,11322.45,11359.75,11229.8,11271.3,413202832.0,18353.13,-0.0052870731745408
2019-07-25,11290.4,11361.4,11239.35,11252.15,553676897.0,24329.21,-0.001700450385212
2019-07-26,11247.45,11307.6,11210.05,11284.3,522670420.0,20350.38,0.0028531576011107
2019-07-29,11307.5,11310.95,11152.4,11189.2,482862376.0,18705.92,-0.0084633517390506
2019-07-30,11213.7,11267.45,11072.65,11085.4,479059399.0,20545.71,-0.0093201001476857
2019-07-31,11034.05,11145.3,10999.4,11118.0,536694278.0,23681.22,0.0029364893147653
2019-08-01,11060.2,11076.75,10881.0,10980.0,499918953.0,21048.32,-0.0124899804498931
2019-08-02,10930.3,11080.15,10848.95,10997.35,547416246.0,23972.04,0.0015788986028203
2019-08-05,10895.8,10895.8,10782.6,10862.6,506556609.0,20824.1,-0.0123286381511798
2019-08-06,10815.4,11018.55,10813.8,10948.25,517891491.0,21676.4,0.0078539296057326
2019-08-07,10958.1,10975.65,10835.9,10855.5,548465787.0,21228.28,-0.0085077621466028
2019-08-08,10899.2,11058.05,10842.95,11032.45,482471622.0,20667.6,0.0161690660947851
2019-08-09,11087.9,11181.45,11062.8,11109.65,538063563.0,21092.05,0.0069731699180488
2019-08-13,11139.4,11145.9,10901.6,10925.85,624634647.0,24790.67,-0.0166825588461859
2019-08-14,11003.25,11078.15,10935.6,11029.4,511541716.0,19712.81,0.0094328935282108
2019-08-16,11043.65,11068.65,10924.3,11047.8,470909918.0,19281.91,0.0016668784320785
2019-08-19,11094.8,11146.9,11037.85,11053.9,369493161.0,14120.35,0.0005519937520542
2019-08-20,11063.9,11076.3,10985.3,11017.0,444715679.0,16915.96,-0.0033437725132185
2019-08-21,11018.15,11034.2,10906.65,10918.7,557867906.0,16747.99,-0.0089626187469466
2019-08-22,10905.3,10908.25,10718.3,10741.35,668193449.0,18764.38,-0.0163761361056126
2019-08-23,10699.6,10862.55,10637.15,10829.35,667079625.0,20983.75,0.0081592612391295
2019-08-26,11000.3,11070.3,10756.55,11057.85,684141923.0,22375.99,0.0208805422393047
2019-08-27,11106.55,11141.75,11049.5,11105.35,685551267.0,27413.16,0.0042863912004609
2019-08-28,11101.3,11129.65,10987.65,11046.1,549954696.0,16739.43,-0.0053495496953686
2019-08-29,10996.05,11021.1,10922.4,10948.3,649876160.0,20127.77,-0.008893231420644
2019-08-30,10987.8,11042.6,10874.8,11023.25,628154431.0,21057.31,0.0068224855069633
2019-09-03,10960.95,10967.5,10772.7,10797.9,483038985.0,16595.6,-0.020655007796257
2019-09-04,10790.4,10858.75,10746.35,10844.65,508784352.0,19195.1,0.0043202000422602
2019-09-05,10860.95,10920.1,10816.0,10847.9,595699267.0,18279.88,0.0002996420452475
2019-09-06,10883.8,10957.05,10867.45,10946.2,497214445.0,18167.78,0.0090208512030475
2019-09-09,10936.7,11028.85,10889.8,11003.05,412471067.0,14762.07,0.0051801430231516
2019-09-11,11028.5,11054.8,11011.65,11035.7,687140326.0,19550.59,0.0029629651306572
2019-09-12,11058.3,11081.75,10964.95,10982.8,551436050.0,17510.17,-0.004805059543765
2019-09-13,10986.8,11084.45,10945.75,11075.9,624305151.0,18012.76,0.0084411640582458
2019-09-16,10994.85,11052.7,10968.2,11003.5,434449776.0,15786.17,-0.00655817273035
2019-09-17,11000.1,11000.1,10796.5,10817.6,482013044.0,17721.93,-0.0170389666531761
2019-09-18,10872.8,10885.15,10804.85,10840.65,519155072.0,16784.43,0.0021285199591399
2019-09-19,10845.2,10845.2,10670.25,10704.8,642599183.0,16642.83,-0.0126107183047743
2019-09-20,10746.8,11381.9,10691.0,11274.2,1356767450.0,54081.53,0.0518246904259788
2019-09-23,11542.7,11694.85,11471.35,11600.2,882826741.0,40005.01,0.0285054099083775
2019-09-24,11590.7,11655.05,11539.2,11588.2,651722255.0,26930.07,-0.0010350003511433
2019-09-25,11564.85,11564.95,11416.1,11440.2,629054640.0,25266.24,-0.0128538706755382
2019-09-26,11469.85,11610.85,11466.35,11571.2,844465614.0,30707.84,0.011385784019294
2019-09-27,11556.35,11593.6,11499.75,11512.4,650017280.0,19036.94,-0.0050945370025516
2019-09-30,11491.15,11508.25,11390.8,11474.45,756848686.0,23748.07,-0.0033018908183674
2019-10-01,11515.4,11554.2,11247.9,11359.9,1305415159.0,28972.72,-0.0100332140773329
2019-10-03,11322.25,11370.4,11257.35,11314.0,1017479514.0,21658.38,-0.0040487135163949
2019-10-04,11388.45,11400.3,11158.35,11174.75,928524450.0,22470.76,-0.0123841280362274
2019-10-07,11196.2,11233.85,11112.65,11126.4,733198763.0,18641.37,-0.0043361060533314
2019-10-09,11152.95,11321.6,11090.15,11313.3,741148639.0,20961.54,0.0166583619262671
2019-10-10,11280.5,11293.35,11208.55,11234.55,562017945.0,19234.31,-0.0069851733270783
2019-10-11,11257.7,11362.9,11189.4,11305.05,737795150.0,22511.39,0.0062556771113187
2019-10-14,11335.9,11420.45,11290.05,11341.15,587579191.0,17499.48,0.0031881755506963
2019-10-15,11360.85,11462.35,11342.1,11428.3,527396180.0,17041.55,0.0076550312439235
2019-10-16,11464.95,11481.05,11411.1,11464.0,533468525.0,18266.06,0.0031189551893382
2019-10-17,11466.3,11599.1,11439.65,11586.35,797572398.0,20839.2,0.0106159905650604
2019-10-18,11580.3,11684.7,11553.15,11661.85,853440208.0,22315.99,0.0064951493385409
2019-10-22,11657.15,11714.35,11573.65,11588.35,867601307.0,29726.27,-0.0063225473195318
2019-10-23,11596.2,11651.6,11554.4,11604.1,664159887.0,23397.69,0.0013582008301133
2019-10-24,11661.65,11679.6,11534.65,11582.6,700481662.0,25177.46,-0.0018545119540017
2019-10-25,11646.15,11646.9,11490.75,11583.9,812027840.0,23611.51,0.0001122310233625
2019-10-27,11662.25,11672.4,11604.6,11627.15,161779004.0,3548.21,0.0037266776001179
2019-10-29,11643.95,11809.4,11627.35,11786.85,951722529.0,27054.87,0.0136416226694763
2019-10-30,11883.9,11883.95,11784.45,11844.1,725219760.0,22672.18,0.0048453500182429
2019-10-31,11890.45,11945.0,11855.1,11877.45,1414837250.0,31304.73,0.0028117911327515
2019-11-01,11886.6,11918.3,11843.35,11890.6,855338495.0,24933.55,0.0011065275730858
2019-11-04,11928.9,11989.15,11905.35,11941.3,823050457.0,23203.88,0.0042548077565612
2019-11-05,11974.6,11978.95,11861.9,11917.2,631952071.0,20995.88,-0.0020202450444738
2019-11-06,11911.5,12002.9,11850.25,11966.05,603351290.0,23324.97,0.0040907387497001
2019-11-07,12021.1,12021.4,11946.85,12012.05,562963817.0,20898.24,0.0038368391517066
2019-11-08,11987.15,12034.15,11888.75,11908.15,789254360.0,22931.52,-0.0086872729686573
2019-11-11,11879.2,11932.65,11853.95,11913.45,548979515.0,16548.47,0.0004449743163726
2019-11-13,11908.3,11946.8,11823.2,11840.45,659035969.0,20401.5,-0.0061463784739204
2019-11-14,11858.75,11895.65,11802.65,11872.1,559494025.0,19114.86,0.0026694740797649
2019-11-15,11904.2,11973.65,11879.25,11895.45,580154179.0,22350.63,0.0019648644906406
2019-11-18,11915.15,11946.2,11867.6,11884.5,514352437.0,17991.41,-0.0009209439695143
2019-11-19,11919.45,11958.85,11881.75,11940.1,613909679.0,21574.84,0.0046674530474952
2019-11-20,12004.75,12038.6,11966.05,11999.1,646661147.0,24341.14,0.0049291638365952
2019-11-21,12025.65,12028.2,11956.9,11968.4,557685781.0,21609.99,-0.0025618038418632
2019-11-22,11967.3,11968.1,11883.5,11914.4,486815185.0,19243.57,-0.0045220905439756
2019-11-25,11922.45,12084.5,11919.75,12073.75,534289467.0,19990.44,0.0132859219218478
2019-11-26,12110.2,12132.45,12006.35,12037.7,1201335831.0,46030.62,-0.0029902827795611
2019-11-27,12068.5,12114.9,12055.15,12100.7,584226618.0,19937.4,0.0052199104372391
2019-11-28,12132.1,12158.8,12099.95,12151.15,620479403.0,21229.58,0.0041605133442242
2019-11-29,12146.2,12147.4,12017.4,12056.05,804430391.0,21838.04,-0.0078572068851349
2019-12-02,12137.05,12137.15,12023.7,12048.2,720945335.0,23113.18,-0.0006513374427765
2019-12-03,12067.65,12068.6,11956.4,11994.2,605789334.0,18203.76,-0.0044920715738986
2019-12-04,11969.95,12054.7,11935.3,12043.2,747193818.0,22132.83,0.0040769856866699
2019-12-05,12071.25,12081.2,11998.75,12018.4,562228745.0,19589.81,-0.0020613765320537
2019-12-06,12047.35,12057.05,11888.85,11921.5,609221205.0,18245.49,-0.0080953161197521
2019-12-09,11939.1,11981.95,11888.05,11937.5,599115748.0,16672.87,0.0013412131605239
2019-12-10,11950.5,11953.2,11844.7,11856.8,650219487.0,16514.63,-0.0067831631462805
2019-12-11,11867.35,11923.2,11832.3,11910.15,997655048.0,18760.57,0.0044894350857693
2019-12-12,11944.3,12005.5,11934.0,11971.8,752617138.0,18401.22,0.0051629064580655
2019-12-13,12026.4,12098.85,12023.6,12086.7,597712516.0,20626.8,0.0095517903102901
2019-12-16,12131.35,12134.65,12046.3,12053.95,437703921.0,16110.34,-0.0027132674631074
2019-12-17,12082.45,12182.75,12070.35,12165.0,499585789.0,20968.79,0.0091705691839
2019-12-18,12197.0,12237.7,12163.45,12221.65,518854651.0,22341.06,0.0046459929428873
2019-12-19,12223.4,12268.35,12191.15,12259.7,623049839.0,19761.9,0.0031084912097463
2019-12-20,12266.45,12293.9,12252.75,12271.8,810676090.0,25750.24,0.0009864868419187
2019-12-23,12235.45,12287.15,12213.25,12262.75,604782354.0,18078.23,-0.0007377351865395
2019-12-24,12269.25,12283.7,12202.1,12214.55,470290298.0,13864.56,-0.003938347963283
2019-12-26,12211.85,12221.55,12118.85,12126.55,520326632.0,16362.31,-0.0072306003753267
2019-12-27,12172.9,12258.45,12157.9,12245.8,383788556.0,13676.2,0.0097857573540413
2019-12-30,12274.9,12286.45,12213.8,12255.85,411084614.0,14556.73,0.0008203529610145
2019-12-31,12247.1,12247.1,12151.8,12168.45,426931711.0,14812.89,-0.0071568374982592
2020-01-01,12202.15,12222.2,12165.3,12182.5,304078039.0,10445.68,0.0011539592138382
2020-01-02,12198.55,12289.9,12195.25,12282.2,407697594.0,15256.55,0.0081505640319357
2020-01-03,12261.1,12265.6,12191.35,12226.65,428770054.0,16827.27,-0.0045330641889106
2020-01-06,12170.6,12179.1,11974.2,11993.05,396501419.0,16869.22,-0.019290680239015
2020-01-07,12079.1,12152.15,12005.35,12052.95,447818617.0,17797.68,0.0049821279132576
2020-01-08,11939.1,12044.95,11929.6,12025.35,445991640.0,18281.15,-0.002292521655433
2020-01-09,12153.15,12224.05,12132.55,12215.9,477469878.0,18456.64,0.0157214602998744
2020-01-10,12271.0,12311.2,12213.2,12256.8,660627930.0,18818.62,0.0033425031221734
2020-01-13,12296.7,12337.75,12285.8,12329.55,500968242.0,17522.13,0.0059179351404731
2020-01-14,12333.1,12374.25,12308.7,12362.3,616260555.0,17948.92,0.002652698700553
2020-01-15,12349.4,12355.15,12278.75,12343.3,684352965.0,17882.51,-0.0015381131197652
2020-01-16,12347.1,12389.05,12315.8,12355.5,395670245.0,16004.06,0.0009879023266084
2020-01-17,12328.4,12385.45,12321.4,12352.35,502060615.0,21397.63,-0.0002549796940701
2020-01-20,12430.5,12430.5,12216.9,12224.55,491609317.0,21415.43,-0.010400103505719
2020-01-21,12195.3,12230.05,12162.3,12169.85,443976442.0,18682.65,-0.0044846433343133
2020-01-22,12218.35,12225.05,12087.9,12106.9,526294513.0,19758.68,-0.0051860435261617
2020-01-23,12123.75,12189.0,12094.1,12180.35,867653663.0,23829.39,0.0060484594940626
2020-01-24,12174.55,12272.15,12149.65,12248.25,593237908.0,18032.27,0.0055590721417507
2020-01-27,12197.1,12216.6,12107.0,12119.0,441158138.0,17988.61,-0.0106086006564749
2020-01-28,12148.1,12163.55,12024.5,12055.8,478484057.0,20917.62,-0.0052285970499251
2020-01-29,12114.9,12169.6,12103.8,12129.5,514362340.0,20646.18,0.0060946300545449
2020-01-30,12147.75,12150.3,12010.6,12035.8,538138743.0,19372.67,-0.0077549601774502
2020-01-31,12100.4,12103.55,11945.85,11962.1,771278258.0,26044.91,-0.006142223420045
2020-02-01,11939.0,12017.35,11633.3,11661.85,537634767.0,20598.12,-0.0254204879640027
2020-02-03,11627.45,11749.85,11614.5,11707.9,669815788.0,25415.26,0.0039409971952594
2020-02-04,11786.25,11986.15,11783.4,11979.65,560430291.0,22338.5,0.0229455492768633
2020-02-05,12005.85,12098.15,11953.35,12089.15,758032580.0,22998.05,0.0090989792154732
2020-02-06,12120.0,12160.6,12084.65,12137.95,565116236.0,21735.92,0.0040285519933345
2020-02-07,12151.15,12154.7,12073.95,12098.35,473475144.0,16339.61,-0.0032678284424366
2020-02-10,12102.35,12103.55,11990.75,12031.5,525674715.0,17185.14,-0.0055408691750139
2020-02-11,12108.4,12172.3,12099.0,12107.9,480491557.0,16209.52,0.006329921630102
2020-02-12,12151.0,12231.75,12144.3,12201.2,412399174.0,16598.33,0.0076761754348025
2020-02-13,12219.55,12225.65,12139.8,12174.65,501510138.0,16315.27,-0.0021783864356833
2020-02-14,12190.15,12246.7,12091.2,12113.45,623053270.0,20759.51,-0.0050395156083187
2020-02-17,12131.8,12159.6,12037.0,12045.8,455412408.0,15439.55,-0.0056003540519067
2020-02-18,12028.25,12030.75,11908.05,11992.5,677307424.0,18853.0,-0.0044345970678656
2020-02-19,12090.6,12134.7,12042.1,12125.9,514030605.0,17610.89,0.0110622064789156
2020-02-20,12119.0,12152.0,12071.45,12080.85,502875583.0,18831.51,-0.003722106603365
2020-02-24,12012.55,12012.55,11813.4,11829.4,491224913.0,19421.04,-0.0210335960778213
2020-02-25,11877.5,11883.05,11779.9,11797.9,461349973.0,18510.82,-0.0026664086597328
2020-02-26,11738.55,11783.25,11639.6,11678.5,567990976.0,21887.07,-0.010172005036684
2020-02-27,11661.25,11663.85,11536.7,11633.3,609266324.0,21623.47,-0.0038778692887405
2020-02-28,11382.0,11384.8,11175.05,11201.75,810523106.0,32297.15,-0.0378016591113647
2020-03-02,11387.35,11433.0,11036.25,11132.75,681148567.0,24204.55,-0.0061788013630017
2020-03-03,11217.55,11342.25,11152.55,11303.3,696919348.0,23281.2,0.0152035037502009
2020-03-04,11351.35,11356.6,11082.15,11251.0,798021596.0,26928.46,-0.0046377048935533
2020-03-05,11306.05,11389.5,11244.6,11269.0,1353209029.0,26980.65,0.0015985793812774
2020-03-06,10942.65,11035.1,10827.4,10989.45,1811564187.0,26455.29,-0.0251198713029051
2020-03-09,10742.05,10751.55,10294.45,10451.45,1566119057.0,35151.79,-0.0501949969013464
2020-03-11,10334.3,10545.1,10334.0,10458.4,1219079693.0,32548.47,0.0006647584995526
2020-03-12,10039.95,10040.75,9508.0,9590.15,1344263317.0,39283.97,-0.0866689531994765
2020-03-13,9107.6,10159.4,8555.15,9955.2,1389061775.0,44167.89,0.0373584976551443
2020-03-16,9587.8,9602.2,9165.1,9197.4,898523271.0,29181.8,-0.0791741923032013
2020-03-17,9285.4,9403.8,8915.6,8967.05,936185892.0,28004.16,-0.0253640874627228
2020-03-18,9088.45,9127.55,8407.05,8468.8,1517275761.0,39256.71,-0.0571679258336707
2020-03-19,8063.3,8575.45,7832.55,8263.45,926508824.0,34274.23,-0.0245466462460547
2020-03-20,8284.45,8883.0,8178.2,8745.45,1072263600.0,37321.25,0.0566913892471042
2020-03-23,7945.7,8159.25,7583.6,7610.25,654151814.0,23891.9,-0.1390375422774706
2020-03-24,7848.3,8036.95,7511.1,7801.05,739354439.0,28282.09,0.0247623171751587
2020-03-25,7735.15,8376.75,7714.75,8317.85,738114713.0,28482.01,0.0641454679567434
2020-03-26,8451.0,8749.05,8304.9,8641.45,866534643.0,32228.31,0.0381665848320867
2020-03-27,8949.1,9038.9,8522.9,8660.25,801923401.0,31336.86,0.0021731977087838
2020-03-30,8385.95,8576.0,8244.0,8281.1,593953051.0,24724.44,-0.0447677807030354
2020-03-31,8529.35,8678.3,8358.0,8597.75,713390935.0,27401.3,0.0375247313070314
2020-04-01,8584.1,8588.1,8198.35,8253.8,507509685.0,21307.3,-0.0408268407611472
2020-04-03,8356.55,8356.55,8055.8,8083.8,697752438.0,26561.18,-0.0208116413530665
2020-04-07,8446.3,8819.4,8360.95,8792.2,815245226.0,35206.69,0.0840029057875537
2020-04-08,8688.9,9131.7,8653.9,8748.75,897562690.0,37641.68,-0.0049541317736614
2020-04-09,8973.05,9128.35,8904.55,9111.9,743036134.0,32907.82,0.0406704185239784
2020-04-13,9103.95,9112.05,8912.4,8993.85,644468815.0,26749.06,-0.0130402411213411
2020-04-15,9196.4,9261.2,8874.1,8925.3,880159358.0,41878.64,-0.007651069878088
2020-04-16,8851.25,9053.75,8821.9,8992.8,720116479.0,31318.29,0.0075343166192884
2020-04-17,9323.45,9324.0,9091.35,9266.75,684910520.0,33334.73,0.0300084676283519
2020-04-20,9390.2,9390.85,9230.8,9261.85,726364699.0,28620.91,-0.0005289120726044
2020-04-21,9016.95,9044.4,8909.4,8981.45,655122903.0,28273.89,-0.0307424735087709
2020-04-22,9026.75,9209.75,8946.25,9187.3,734383388.0,33981.82,0.0226607563821035
2020-04-23,9232.35,9343.6,9170.15,9313.9,666650462.0,30270.55,0.0136858123823579
2020-04-24,9163.9,9296.9,9141.3,9154.4,659439249.0,32859.05,-0.0172732699555202
2020-04-27,9259.7,9377.1,9250.35,9282.3,512793298.0,26696.54,0.0138747228958719
2020-04-28,9389.8,9404.4,9260.0,9380.9,614548983.0,30091.41,0.0105663463253912
2020-04-29,9408.6,9599.85,9392.35,9553.35,653026950.0,31673.23,0.0182161710795287
2020-04-30,9753.5,9889.05,9731.5,9859.9,931173802.0,39332.46,0.0315841482531242
2020-05-04,9533.5,9533.5,9266.95,9293.5,687487134.0,29785.95,-0.0591607955090135
2020-05-05,9429.4,9450.9,9190.75,9205.6,725196178.0,29700.2,-0.0095032365391587
2020-05-06,9226.8,9346.9,9116.5,9270.9,722185448.0,30798.1,0.0070684677166181
2020-05-07,9234.05,9277.85,9175.9,9199.05,708740416.0,59705.53,-0.0077802443900713
2020-05-08,9376.95,9382.65,9238.2,9251.5,609053504.0,30743.45,0.0056854826859751
2020-05-11,9348.15,9439.9,9219.95,9239.2,704647074.0,31048.47,-0.001330398720893
2020-05-12,9168.85,9240.85,9043.95,9196.55,805458787.0,37706.27,-0.0046268880938292
2020-05-13,9584.2,9584.5,9351.1,9383.55,846395245.0,36488.9,0.0201297425122403
2020-05-14,9213.95,9281.1,9119.75,9142.75,602555564.0,29541.59,-0.0259969407514582
2020-05-15,9182.4,9182.4,9050.0,9136.85,575857112.0,25847.33,-0.0006455283709578
2020-05-18,9158.3,9158.3,8806.75,8823.25,772983297.0,33347.46,-0.0349254042427621
2020-05-19,8961.7,9030.35,8855.3,8879.1,762152894.0,32026.94,0.0063099176443585
2020-05-20,8889.15,9093.8,8875.35,9066.55,622308140.0,30721.99,0.0208916163876619
2020-05-21,9079.45,9178.55,9056.1,9106.25,631542699.0,28303.51,0.0043691740573838
2020-05-22,9067.9,9149.6,8968.55,9039.25,675759336.0,31625.47,-0.0073847846008156
2020-05-26,9099.75,9161.65,8996.65,9029.05,654959960.0,30871.59,-0.0011290493387357
2020-05-27,9082.2,9334.0,9004.25,9314.95,763492487.0,34603.88,0.0311734793307922
2020-05-28,9364.95,9511.25,9336.5,9490.1,837911425.0,37761.91,0.0186285136214973
2020-05-29,9422.2,9598.85,9376.9,9580.3,967005438.0,45006.25,0.0094597567584245
2020-06-01,9726.85,9931.6,9706.95,9826.15,794183122.0,38096.92,0.025338292519217
2020-06-02,9880.85,9995.6,9824.05,9979.1,770192848.0,36723.11,0.0154457066444003
2020-06-03,10108.3,10176.2,10035.55,10061.55,794664422.0,38343.61,0.0082283224537368
2020-06-04,10054.25,10123.85,9944.25,10029.1,775106567.0,36399.04,-0.0032303612096776
2020-06-05,10093.8,10177.8,10040.75,10142.15,987122302.0,37824.63,0.0112091401054914
2020-06-08,10326.75,10328.5,10120.25,10167.45,936485541.0,37819.06,0.00249143391174
2020-06-09,10181.15,10291.15,10021.45,10046.65,754217460.0,36201.05,-0.0119521955536014
2020-06-10,10072.6,10148.75,10036.85,10116.15,632383068.0,28485.47,0.0068939110891929
2020-06-11,10094.1,10112.05,9885.05,9902.0,715453486.0,30813.85,-0.0213963997538088
2020-06-12,9544.95,9996.05,9544.35,9972.9,796306399.0,36505.77,0.0071346573571307
2020-06-15,9919.35,9943.35,9726.35,9813.7,716053036.0,31926.65,-0.0160920456713831
2020-06-16,10014.8,10046.15,9728.5,9914.0,899895044.0,36257.89,0.0101685309734032
2020-06-17,9876.7,10003.6,9833.8,9881.15,685418390.0,30700.69,-0.0033189978510494
2020-06-18,9863.25,10111.2,9845.05,10091.65,622895963.0,28594.32,0.0210794474946868
2020-06-19,10119.0,10272.4,10072.65,10244.4,892096343.0,48103.56,0.0150228655801046
2020-06-22,10318.75,10393.65,10277.6,10311.2,685385093.0,35529.8,0.0064994682863088
2020-06-23,10347.95,10484.7,10301.75,10471.0,669195109.0,34148.13,0.0153788481968921
2020-06-24,10529.25,10553.15,10281.95,10305.3,854799801.0,41394.45,-0.0159512053051372
2020-06-25,10235.55,10361.8,10194.5,10288.9,994190886.0,41726.07,-0.0015926817712496
2020-06-26,10378.9,10409.85,10311.25,10383.0,671910159.0,31841.68,0.0091042090923787
2020-06-29,10311.95,10337.95,10223.6,10312.4,574544482.0,27019.46,-0.0068227986772304
2020-06-30,10382.6,10401.05,10267.35,10302.1,556238560.0,27342.55,-0.0009992966947658
2020-07-01,10323.8,10447.05,10299.6,10430.05,573550127.0,28736.28,0.0123433049157241
2020-07-02,10493.05,10598.2,10485.55,10551.7,597423931.0,31235.17,0.0115959215165461
2020-07-03,10614.95,10631.3,10562.65,10607.35,525190704.0,25186.39,0.0052601726747523
2020-07-06,10723.85,10811.4,10695.1,10763.65,571212914.0,29857.54,0.0146275594862808
2020-07-07,10802.85,10813.8,10689.7,10799.65,636764929.0,36502.37,0.003339009655011
2020-07-08,10818.65,10847.85,10676.55,10705.75,767941333.0,37676.34,-0.0087327458908366
2020-07-09,10755.55,10836.85,10733.0,10813.45,618652409.0,31315.87,0.0100097493633
2020-07-10,10764.1,10819.4,10713.0,10768.05,590705425.0,31557.58,-0.0042073133906914
2020-07-13,10851.85,10894.05,10756.05,10802.7,554050579.0,30606.3,0.0032126866059742
2020-07-14,10750.85,10755.65,10562.9,10607.35,532368699.0,30902.47,-0.0182489458290381
2020-07-15,10701.0,10827.45,10577.75,10618.2,715901258.0,42376.03,0.0010223528667139
2020-07-16,10706.2,10755.3,10595.2,10739.95,694402635.0,41453.95,0.0114009236533422
2020-07-17,10752.0,10933.45,10749.65,10901.7,676881092.0,35592.83,0.0149483068004393
2020-07-20,10999.45,11037.9,10953.0,11022.2,554306867.0,32738.64,0.0109926804467042
2020-07-21,11126.1,11179.55,11113.25,11162.25,771998838.0,42461.89,0.0126261287116973
2020-07-22,11231.2,11238.1,11056.55,11132.6,765074288.0,41068.72,-0.0026598086535778
2020-07-23,11135.0,11239.8,11103.15,11215.45,621575333.0,32744.93,0.0074145511183425
2020-07-24,11149.95,11225.4,11090.3,11194.15,678935175.0,40217.17,-0.0019009715848837
2020-07-27,11225.0,11225.0,11087.85,11131.8,588148687.0,34539.73,-0.0055854431363716
2020-07-28,11154.1,11317.75,11151.4,11300.55,683891350.0,38677.47,0.0150455198214456
2020-07-29,11276.9,11341.4,11149.75,11202.85,600726301.0,38726.02,-0.0086831868839774
2020-07-30,11254.3,11299.95,11084.95,11102.15,677761342.0,39150.44,-0.0090294269604375
2020-07-31,11139.5,11150.4,11026.65,11073.45,642560311.0,36220.09,-0.0025884319724486
2020-08-03,11057.55,11058.05,10882.25,10891.6,680929323.0,31149.94,-0.0165585013474173
2020-08-04,10946.65,11112.25,10908.1,11095.25,625738313.0,35357.96,0.0185252388671606
2020-08-05,11155.75,11225.65,11064.05,11101.65,667639446.0,34894.58,0.0005766571167461
2020-08-06,11185.7,11256.8,11127.3,11200.15,600374615.0,31501.08,0.0088334251486867
2020-08-07,11186.65,11231.9,11142.05,11214.05,452629891.0,27054.43,0.0012402853353563
2020-08-10,11270.25,11337.3,11238.0,11270.15,491999534.0,29108.25,0.0049901812309422
2020-08-11,11322.25,11373.6,11299.15,11322.5,586084846.0,30314.89,0.0046342588134252
2020-08-12,11289.0,11322.0,11242.65,11308.4,609858960.0,28088.09,-0.0012460840553803
2020-08-13,11334.85,11359.3,11269.95,11300.45,562355175.0,26500.52,-0.000703264458622
2020-08-14,11353.3,11366.25,11111.45,11178.4,645109756.0,31059.23,-0.0108592031501284
2020-08-17,11248.9,11267.1,11144.5,11247.1,633963958.0,27468.67,0.006126972858148
2020-08-18,11259.8,11401.7,11253.15,11385.35,579242492.0,27267.51,0.0122171236055772
2020-08-19,11452.15,11460.35,11394.1,11408.4,626217997.0,27528.12,0.0020224849230216
2020-08-20,11317.45,11361.45,11289.8,11312.2,791587770.0,27676.18,-0.0084681368334637
2020-08-21,11409.65,11418.5,11362.2,11371.6,668719170.0,26294.26,0.005237229720892
2020-08-24,11412.0,11497.25,11410.65,11466.45,532900535.0,28920.84,0.0083063611256103
2020-08-25,11513.1,11525.9,11423.35,11472.25,638152608.0,28742.82,0.000505695625611
2020-08-26,11512.85,11561.75,11461.85,11549.6,743442521.0,34852.01,0.0067197285239703
2020-08-27,11609.3,11617.35,11540.6,11559.25,719776490.0,31580.61,0.0008351779133036
2020-08-28,11602.95,11686.05,11589.4,11647.6,806997707.0,39349.92,0.007614167958564
2020-08-31,11777.55,11794.25,11325.85,11387.5,1371789450.0,61668.55,-0.0225838876192588
2020-09-01,11464.3,11553.55,11366.9,11470.25,783769555.0,36752.54,0.0072404643072113
2020-09-02,11478.55,11554.75,11430.4,11535.0,593494423.0,27454.65,0.0056291647324288
2020-09-03,11566.2,11584.95,11507.65,11527.45,607115212.0,26868.26,-0.0006547439903146
2020-09-04,11354.4,11452.05,11303.65,11333.85,681338905.0,31746.86,-0.0169373244911685
2020-09-07,11359.6,11381.15,11251.7,11355.05,560322964.0,25959.82,0.0018687557501366
2020-09-08,11378.55,11437.25,11290.45,11317.35,572239350.0,27979.7,-0.0033256324646967
2020-09-09,11218.6,11298.15,11185.15,11278.0,728880693.0,32660.67,-0.0034830210446831
2020-09-10,11363.3,11464.05,11327.4,11449.25,679419973.0,39239.1,0.0150703002864904
2020-09-11,11447.8,11493.5,11419.9,11464.45,554789157.0,29614.09,0.0013267173987232
2020-09-14,11540.15,11568.9,11383.55,11440.05,642270123.0,33996.94,-0.0021305864987327
2020-09-15,11487.2,11535.95,11442.25,11521.8,506667239.0,28054.51,0.007120536490514
2020-09-16,11538.45,11618.1,11516.75,11604.55,527804775.0,27629.71,0.007156369523104
2020-09-17,11539.4,11587.2,11498.5,11516.1,517729494.0,29674.95,-0.0076512063021776
2020-09-18,11584.1,11584.1,11446.1,11504.95,764154094.0,48698.68,-0.0009686787415754
2020-09-21,11503.8,11535.25,11218.5,11250.55,602851737.0,37213.23,-0.0223603611970411
2020-09-22,11301.75,11302.2,11084.65,11153.65,672249921.0,36296.49,-0.0086502177467932
2020-09-23,11258.75,11259.55,11024.4,11131.85,714925847.0,35542.98,-0.0019564296922665
2020-09-24,11011.0,11015.3,10790.2,10805.55,706139506.0,33623.71,-0.0297504778818487
2020-09-25,10910.4,11072.6,10854.85,11050.25,559597322.0,31122.18,0.0223931611188357
2020-09-28,11140.85,11239.35,11099.85,11227.55,472777324.0,24361.17,0.0159175271787643
2020-09-29,11288.6,11305.4,11181.0,11222.4,498295735.0,26875.14,-0.0004587983572646
2020-09-30,11244.45,11295.4,11184.55,11247.55,499343849.0,28134.77,0.0022385461919058
2020-10-01,11364.45,11428.6,11347.05,11416.95,447740006.0,26212.72,0.0149487660947957
2020-10-05,11487.8,11578.05,11452.3,11503.35,530597393.0,31341.55,0.0075392040457337
2020-10-06,11603.45,11680.3,11564.3,11662.4,561444728.0,30373.65,0.0137316943496543
2020-10-07,11679.25,11763.05,11629.35,11738.85,513367516.0,32935.98,0.0065338622491807
2020-10-08,11835.4,11905.7,11791.15,11834.6,608768573.0,38677.49,0.0081235904431762
2020-10-09,11852.05,11938.6,11805.2,11914.2,611079482.0,34546.8,0.0067035217007364
2020-10-12,11973.55,12022.05,11867.2,11930.95,522627571.0,26586.47,0.0014048980824201
2020-10-13,11934.65,11988.2,11888.9,11934.5,458304851.0,29403.22,0.0002975012016269
2020-10-14,11917.4,11997.2,11822.15,11971.05,569245407.0,29940.62,0.0030578696980628
2020-10-15,12023.45,12025.45,11661.3,11680.35,608865041.0,35175.92,-0.0245832923164731
2020-10-16,11727.4,11789.75,11667.85,11762.45,555764762.0,30439.19,0.0070043114008975
2020-10-19,11879.2,11898.25,11820.4,11873.05,541420990.0,29888.6,0.0093588718049253
2020-10-20,11861.0,11949.25,11837.25,11896.8,453560934.0,28367.34,0.0019983304819722
2020-10-21,11958.55,12018.65,11775.75,11937.65,623658140.0,37477.13,0.0034278147805934
2020-10-22,11890.0,11939.55,11823.45,11896.45,544901152.0,33013.17,-0.0034572348892397
2020-10-23,11957.9,11974.55,11908.75,11930.35,502340361.0,27424.61,0.0028455371996451
2020-10-26,11937.4,11942.85,11711.7,11767.75,519815905.0,29316.02,-0.0137228344615228
2020-10-27,11807.1,11899.05,11723.0,11889.4,616318543.0,37989.97,0.0102845078340078
2020-10-28,11922.6,11929.4,11684.85,11729.6,704018608.0,37025.89,-0.0135316853686355
2020-10-29,11633.3,11744.15,11606.45,11670.8,554959844.0,30436.62,-0.0050255656959599
2020-10-30,11678.45,11748.95,11535.45,11642.4,553672805.0,28151.58,-0.0024363891742457
2020-11-02,11697.35,11725.65,11557.4,11669.15,568434165.0,35714.57,0.0022950006963143
2020-11-03,11734.45,11836.2,11723.3,11813.5,674303605.0,36363.95,0.0122943380080994
2020-11-04,11783.35,11929.65,11756.4,11908.5,667290347.0,38552.09,0.0080094855297475
2020-11-05,12062.4,12131.1,12027.6,12120.3,632455414.0,32311.46,0.0176293019589377
2020-11-06,12156.65,12280.4,12131.85,12263.55,576837602.0,34965.94,0.0117497153269432
2020-11-09,12399.4,12474.05,12367.35,12461.05,553449924.0,34255.11,0.015976331334718
2020-11-10,12556.4,12643.9,12475.25,12631.1,847450692.0,51247.01,0.0135542473182894
2020-11-11,12680.6,12769.75,12571.1,12749.15,880475468.0,54744.55,0.0093025759254182
2020-11-12,12702.15,12741.15,12624.85,12690.8,622017762.0,36794.24,-0.0045872812110303
2020-11-13,12659.7,12735.95,12607.7,12719.95,513948665.0,34568.65,0.0022943055822232
2020-11-14,12823.35,12828.7,12749.45,12780.25,107868139.0,5189.38,0.004729383486755
2020-11-17,12932.5,12934.05,12797.1,12874.2,707676873.0,40977.03,0.0073242981235581
2020-11-18,12860.1,12948.85,12819.35,12938.25,731321438.0,39856.45,0.0049627316628728
2020-11-19,12839.5,12963.0,12745.75,12771.7,768751782.0,44747.08,-0.012956254665088
2020-11-20,12813.4,12892.45,12730.25,12859.05,663997267.0,42992.15,0.0068160579132457
2020-11-23,12960.3,12968.85,12825.7,12926.45,633117401.0,42031.38,0.0052277561808191
2020-11-24,13002.6,13079.1,12978.0,13055.15,571864976.0,37094.23,0.009907092146913
2020-11-25,13130.0,13145.85,12833.65,12858.4,679005507.0,37401.36,-0.015185397662922
2020-11-26,12906.45,13018.0,12790.4,12987.0,549798925.0,34624.15,0.0099515628551589
2020-11-27,13012.05,13035.3,12914.3,12968.95,1162360673.0,78522.93,-0.0013908181291474
2020-12-01,13062.2,13128.4,12962.8,13109.05,583633902.0,32917.26,0.0107447923830609
2020-12-02,13121.4,13128.5,12983.55,13113.75,717711761.0,34008.74,0.0003584666816914
2020-12-03,13215.3,13216.6,13107.9,13133.9,713688035.0,39627.71,0.0015353758495279
2020-12-04,13177.4,13280.05,13152.85,13258.55,640514315.0,36428.05,0.0094459534324455
2020-12-07,13264.85,13366.65,13241.95,13355.75,591722966.0,33578.64,0.0073043763815936
2020-12-08,13393.85,13435.45,13311.05,13392.95,543165361.0,33755.81,0.0027814453773795
2020-12-09,13458.1,13548.9,13449.6,13529.1,502605319.0,28726.97,0.0101144720187085
2020-12-10,13488.5,13503.55,13399.3,13478.3,553402501.0,30400.2,-0.0037619363515791
2020-12-11,13512.3,13579.35,13402.85,13513.85,787707481.0,33696.57,0.0026341006963332
2020-12-14,13571.45,13597.5,13472.45,13558.15,558390043.0,28133.58,0.0032727570583044
2020-12-15,13547.2,13589.65,13447.05,13567.85,497600393.0,30828.33,0.0007151810376354
2020-12-16,13663.1,13692.35,13606.45,13682.7,462151091.0,27460.18,0.0084292375769653
2020-12-17,13713.55,13773.25,13673.55,13740.7,416008520.0,27712.93,0.004229970498269
2020-12-18,13764.4,13772.85,13658.6,13760.55,519393189.0,34803.3,0.0014435709974719
2020-12-21,13741.9,13777.5,13131.45,13328.4,687255400.0,38243.62,-0.0319087056576762
2020-12-22,13373.65,13492.05,13192.9,13466.3,696197300.0,36328.33,0.0102931712266035
2020-12-23,13473.5,13619.45,13432.2,13601.1,458651819.0,27073.45,0.0099604036186051
2020-12-24,13672.15,13771.75,13626.9,13749.25,471367730.0,24764.35,0.0108336053462311
2020-12-28,13815.15,13885.3,13811.55,13873.2,403634030.0,20923.06,0.0089746443167618
2020-12-29,13910.35,13967.6,13859.9,13932.6,439593961.0,25154.23,0.0042724964114242
2020-12-30,13980.9,13997.0,13864.95,13981.95,380681073.0,24633.12,0.0035357941585163
2020-12-31,13970.0,14024.85,13936.45,13981.75,452410109.0,26305.82,-1.4304258735754856e-05
2021-01-01,13996.1,14049.85,13991.35,14018.5,258090905.0,15873.75,0.0026249780699946
2021-01-04,14104.35,14147.95,13953.75,14132.9,494999295.0,28705.09,0.0081275268540661
2021-01-05,14075.15,14215.6,14048.15,14199.5,492475349.0,30872.87,0.0047013399972732
2021-01-06,14240.95,14244.15,14039.9,14146.25,632323316.0,34615.55,-0.0037571814216639
2021-01-07,14253.75,14256.25,14123.1,14137.35,559173512.0,33446.47,-0.0006293399916382
2021-01-08,14258.4,14367.3,14221.65,14347.25,613472067.0,37615.19,0.0147380549037551
2021-01-11,14474.05,14498.2,14383.1,14484.75,672878543.0,40186.21,0.0095380856285503
2021-01-12,14473.8,14590.65,14432.85,14563.45,929566952.0,44976.12,0.0054185934109614
2021-01-13,14639.8,14653.35,14435.7,14564.85,873956688.0,44682.93,9.612644754944934e-05
2021-01-14,14550.05,14617.8,14471.5,14595.6,620194977.0,37534.37,0.0021090217330616
2021-01-15,14594.35,14617.45,14357.85,14433.7,789557216.0,39912.18,-0.0111543632555556
2021-01-18,14453.3,14459.15,14222.8,14281.3,762043554.0,41716.22,-0.010614760992257
2021-01-19,14371.65,14546.05,14350.85,14521.15,546108304.0,33084.79,0.0166552181798955
2021-01-20,14538.3,14666.45,14517.55,14644.7,623069963.0,34639.36,0.0084722879004422
2021-01-21,14730.95,14753.55,14517.25,14590.35,704646957.0,41939.04,-0.0037181439822322
2021-01-22,14583.4,14619.9,14357.75,14371.9,776750347.0,45322.54,-0.0150854400273192
2021-01-25,14477.8,14491.1,14218.6,14238.9,618631493.0,42278.39,-0.0092972554441269
2021-01-27,14237.95,14237.95,13929.3,13967.5,660711117.0,40579.24,-0.0192444534579337
2021-01-28,13810.4,13898.25,13713.25,13817.55,637871621.0,39881.82,-0.010793679032831
2021-01-29,13946.6,13966.85,13596.75,13634.6,753206122.0,46918.29,-0.0133288437180606
2021-02-01,13758.6,14336.35,13661.75,14281.2,870529495.0,51840.22,0.0463333073939824
2021-02-02,14481.1,14731.7,14469.15,14647.85,914965225.0,58177.74,0.0253495800196761
2021-02-03,14754.9,14868.85,14574.15,14789.95,869477087.0,49312.35,0.0096543290404505
2021-02-04,14789.05,14913.7,14714.75,14895.65,884686415.0,47811.8,0.0071213279636845
2021-02-05,14952.6,15014.65,14864.75,14924.25,935629058.0,54394.63,0.0019181827416789
2021-02-08,15064.3,15159.9,15041.05,15115.8,671242694.0,40483.96,0.0127531476264684
2021-02-09,15164.15,15257.1,15064.3,15109.3,713279133.0,41930.72,-0.0004301061104978
2021-02-10,15119.05,15168.25,14977.2,15106.5,624791133.0,40707.97,-0.0001853335015465
2021-02-11,15073.25,15188.5,15065.4,15173.3,500122414.0,30933.44,0.0044121895368252
2021-02-12,15186.2,15243.5,15081.0,15163.3,571808807.0,32304.24,-0.000659269684948
2021-02-15,15270.3,15340.15,15243.4,15314.7,455959720.0,28955.29,0.0099351168282398
2021-02-16,15371.45,15431.75,15242.2,15313.45,648545320.0,36550.03,-8.162425746866536e-05
2021-02-17,15279.9,15314.3,15170.75,15208.9,504767226.0,34073.12,-0.0068507443824488
2021-02-18,15238.7,15250.75,15078.05,15118.95,770629541.0,37093.99,-0.0059318589188062
2021-02-19,15074.8,15144.05,14898.2,14981.75,712213821.0,37419.34,-0.0091161301997941
2021-02-22,14999.05,15010.1,14635.05,14675.7,609898454.0,37578.07,-0.0206397289488702
2021-02-23,14782.25,14854.5,14651.85,14707.8,744092809.0,39508.09,0.0021849005577883
2021-02-24,14729.15,15008.8,14723.05,14982.0,403754669.0,23723.99,0.0184715152210019
2021-02-25,15079.85,15176.5,15065.35,15097.35,803883875.0,42983.07,0.0076697512051
2021-02-26,14888.6,14919.45,14467.75,14529.15,1103644519.0,65012.96,-0.0383622555156555
2021-03-01,14702.5,14806.8,14638.55,14761.55,507302977.0,30030.57,0.0158688509937894
2021-03-02,14865.3,14959.1,14760.8,14919.1,621723916.0,34647.26,0.0106164440314442
2021-03-03,15064.4,15273.15,14995.8,15245.6,544205583.0,34567.73,0.0216486655916598
2021-03-04,15026.75,15202.35,14980.2,15080.75,534850447.0,36036.02,-0.0108718407409402
2021-03-05,14977.95,15092.35,14862.1,14938.1,640700362.0,37811.6,-0.0095040998420298
2021-03-08,15002.45,15111.15,14919.9,14956.2,580308065.0,29518.07,0.0012109333359041
2021-03-09,15049.9,15126.85,14925.45,15098.4,675271251.0,38365.48,0.0094628483568291
2021-03-10,15202.15,15218.45,15100.85,15174.8,404585756.0,25603.32,0.0050473793452542
2021-03-12,15321.15,15336.3,14953.6,15030.95,493238854.0,32195.96,-0.0095247486001423
2021-03-15,15048.4,15048.4,14745.85,14929.5,467473367.0,28118.0,-0.0067722873148135
2021-03-16,14996.1,15051.6,14890.65,14910.45,437651327.0,27975.07,-0.0012768119643645
2021-03-17,14946.55,14956.55,14696.05,14721.3,479352147.0,27983.5,-0.0127668847891642
2021-03-18,14855.5,14875.2,14478.6,14557.85,542216908.0,31339.71,-0.0111650575887122
2021-03-19,14471.15,14788.25,14350.1,14744.0,919178208.0,49011.27,0.0127058533376723
2021-03-22,14736.3,14763.9,14597.85,14736.4,458997059.0,27345.02,-0.000515596814722
2021-03-23,14768.55,14878.6,14707.0,14814.75,474150088.0,30322.09,0.0053026825412823
2021-03-24,14712.45,14752.35,14535.0,14549.4,456403503.0,27868.93,-0.0180735504402562
2021-03-25,14570.9,14575.6,14264.4,14324.9,606820996.0,35350.22,-0.0155504738801812
2021-03-26,14506.3,14572.9,14414.25,14507.3,481000845.0,29423.45,0.012652689241181
2021-03-30,14628.5,14876.3,14617.6,14845.1,594520567.0,35117.93,0.0230178734530485
2021-03-31,14811.85,14813.75,14670.25,14690.7,436874691.0,29741.83,-0.0104552039538027
2021-04-01,14798.4,14883.2,14692.45,14867.35,430028476.0,29585.23,0.0119528929130795
2021-04-05,14837.7,14849.85,14459.5,14637.8,500476690.0,33885.39,-0.0155603094101816
2021-04-06,14737.0,14779.1,14573.9,14683.5,474211156.0,31885.97,0.0031171903704882
2021-04-07,14716.45,14879.8,14649.85,14819.05,476382016.0,35184.96,0.0091891008617233
2021-04-08,14875.65,14984.15,14821.1,14873.8,503728173.0,34444.56,0.0036877606594222
2021-04-09,14882.65,14918.45,14785.65,14834.85,498347599.0,35010.36,-0.0026221334403949
2021-04-12,14644.65,14652.5,14248.7,14310.8,638475842.0,43433.24,-0.0359646455009076
2021-04-13,14364.9,14528.9,14274.9,14504.8,588666016.0,40846.57,0.0134651321621612
2021-04-15,14522.4,14597.55,14353.2,14581.45,556851211.0,40177.25,0.0052705438092521
2021-04-16,14599.6,14697.7,14559.0,14617.85,568568743.0,36653.65,0.0024932117451798
2021-04-19,14306.6,14382.3,14191.4,14359.45,503142904.0,34751.95,-0.0178351226329662
2021-04-20,14526.7,14526.95,14207.3,14296.4,456704716.0,34687.11,-0.0044005047307249
2021-04-22,14219.15,14424.75,14151.4,14406.15,516985252.0,37235.71,0.0076474414209569
2021-04-23,14326.35,14461.15,14273.3,14341.35,476613608.0,31894.66,-0.0045082257413756
2021-04-26,14449.45,14557.5,14421.3,14485.0,448533329.0,33156.16,0.0099666582215295
2021-04-27,14493.8,14667.55,14484.85,14653.05,442211685.0,32181.14,0.0115348736992772
2021-04-28,14710.5,14890.25,14694.95,14864.55,453990807.0,37650.11,0.0143306786191814
2021-04-29,14979.0,15044.35,14814.45,14894.9,511466673.0,41597.37,0.0020396889406337
2021-04-30,14747.35,14855.45,14601.7,14631.1,594744498.0,40335.86,-0.0178694723049219
2021-05-03,14481.05,14673.85,14416.25,14634.15,443410846.0,32538.97,0.0002084383363233
2021-05-04,14687.25,14723.4,14461.5,14496.5,479657079.0,34024.77,-0.0094505975322978
2021-05-05,14604.15,14637.9,14506.6,14617.85,437261063.0,28942.47,0.0083361437043846
2021-05-06,14668.35,14743.9,14611.5,14724.8,445281496.0,31015.95,0.0072897624185612
2021-05-07,14816.85,14863.05,14765.5,14823.15,483677266.0,33583.37,0.0066570007870929
2021-05-10,14928.25,14966.9,14892.5,14942.35,510598577.0,31620.64,0.0080093152954948
2021-05-11,14789.7,14900.0,14771.4,14850.75,616204478.0,32955.82,-0.0061490941611665
2021-05-12,14823.55,14824.05,14649.7,14696.5,620318215.0,32035.23,-0.0104409988264523
2021-05-14,14749.4,14749.65,14591.9,14677.8,602738614.0,39176.28,-0.001273222001968
2021-05-17,14756.25,14938.0,14725.35,14923.15,534516176.0,35571.28,0.0165775503015619
2021-05-18,15067.2,15137.25,15043.7,15108.1,571923125.0,35634.73,0.0123173253410829
2021-05-19,15058.6,15133.4,15008.85,15030.15,563293717.0,31100.21,-0.005172840083098
2021-05-20,15042.6,15069.8,14884.9,14906.05,467455658.0,28002.53,-0.0082910129471753
2021-05-21,14987.8,15190.0,14985.85,15175.3,557730470.0,31921.76,0.0179019352998189
2021-05-24,15211.35,15256.25,15145.45,15197.7,566722866.0,32061.04,0.0014749945057214
2021-05-25,15291.75,15293.85,15163.4,15208.45,417323446.0,26871.99,0.0007070938246309
2021-05-26,15257.05,15319.9,15194.95,15301.45,377682051.0,26187.83,0.0060964007117105
2021-05-27,15323.95,15384.55,15272.5,15337.85,682374351.0,48219.93,0.0023760345128514
2021-05-28,15421.2,15469.65,15394.75,15435.65,455582440.0,32992.08,0.0063561394878013
2021-05-31,15437.75,15606.35,15374.0,15582.8,435999456.0,32739.29,0.0094879727316188
2021-06-01,15629.65,15660.75,15528.3,15574.85,409562322.0,27964.09,-0.0005103080734601
2021-06-02,15520.35,15597.45,15459.85,15576.2,428641666.0,28781.87,8.667444601998165e-05
2021-06-03,15655.55,15705.1,15611.0,15690.35,410240584.0,27519.48,0.0073017654436381
2021-06-04,15712.5,15733.6,15622.35,15670.25,414162241.0,25363.03,-0.0012818634051846
2021-06-07,15725.1,15773.45,15678.1,15751.65,393970049.0,25411.48,0.0051811113962645
2021-06-08,15773.9,15778.8,15680.0,15740.1,378164658.0,24172.13,-0.0007335254800309
2021-06-09,15766.3,15800.45,15566.9,15635.35,457855735.0,26926.49,-0.0066772198768095
2021-06-10,15692.1,15751.25,15648.5,15737.75,298297041.0,23032.9,0.0065279085353827
2021-06-11,15796.45,15835.55,15749.8,15799.35,363011297.0,24591.69,0.0039065150783718
2021-06-14,15791.4,15823.05,15606.5,15811.85,392862037.0,28001.5,0.000790858977294
2021-06-15,15866.95,15901.6,15842.4,15869.25,323262818.0,22181.26,0.0036236155189037
2021-06-16,15847.5,15880.85,15742.6,15767.55,340191175.0,22505.95,-0.0064292438119768
2021-06-17,15648.3,15769.35,15616.75,15691.4,357649243.0,26048.47,-0.004841239057948
2021-06-18,15756.5,15761.5,15450.9,15683.35,640821642.0,42024.55,-0.0005131515104754
2021-06-21,15525.85,15765.15,15505.65,15746.5,351530072.0,22525.89,0.0040184782924328
2021-06-22,15840.5,15895.75,15752.1,15772.75,322237561.0,24440.47,0.0016656491552922
2021-06-23,15862.8,15862.95,15673.95,15686.95,287536735.0,23222.94,-0.0054546109932566
2021-06-24,15737.3,15821.4,15702.7,15790.45,316662241.0,29623.58,0.0065761703950533
2021-06-25,15839.35,15870.8,15772.3,15860.35,314614380.0,26933.22,0.0044169571475514
2021-06-28,15915.35,15915.65,15792.15,15814.7,255099272.0,18713.41,-0.0028823968142633
2021-06-29,15807.5,15835.9,15724.05,15748.45,360334724.0,24392.13,-0.0041979395143982
2021-06-30,15776.9,15839.1,15708.75,15721.5,262386323.0,20379.76,-0.0017127454341774
2021-07-01,15755.05,15755.55,15667.05,15680.0,224921644.0,17359.97,-0.0026431873739428
2021-07-02,15705.85,15738.35,15635.95,15722.2,254808999.0,18015.42,0.0026877113962504
2021-07-05,15793.4,15845.95,15762.05,15834.35,207032153.0,14976.54,0.0071079045188818
2021-07-06,15813.75,15914.2,15801.0,15818.25,391410742.0,24456.05,-0.0010172940856974
2021-07-07,15819.6,15893.55,15779.7,15879.65,329308646.0,22259.96,0.003874078522135
2021-07-08,15855.4,15885.75,15682.9,15727.9,307928495.0,19597.95,-0.0096022099767209
2021-07-09,15688.25,15730.85,15632.75,15689.8,243249366.0,19976.86,-0.0024253856060068
2021-07-12,15766.8,15789.2,15644.75,15692.6,216272488.0,18482.89,0.0001784439690675
2021-07-13,15794.0,15820.8,15744.6,15812.35,246676549.0,18205.97,0.0076020166165659
2021-07-14,15808.7,15877.35,15764.2,15853.95,239924352.0,18372.84,0.0026274003550276
2021-07-15,15872.15,15952.35,15855.0,15924.2,284851049.0,20961.37,0.0044212840858116
2021-07-16,15958.35,15962.25,15882.6,15923.4,276298105.0,18758.13,-5.023926450783297e-05
2021-07-19,15754.5,15836.9,15707.5,15752.4,242131813.0,18088.78,-0.0107969908378434
2021-07-20,15703.95,15728.45,15578.55,15632.1,274284165.0,21329.55,-0.0076662422011756
2021-07-22,15736.6,15834.8,15726.4,15824.05,265250867.0,23988.39,0.0122044422186455
2021-07-23,15856.8,15899.8,15768.4,15856.05,294098244.0,20685.82,0.0020201963303891
2021-07-26,15849.3,15893.35,15797.0,15824.45,267076679.0,19487.18,-0.0019949186710989
2021-07-27,15860.5,15881.55,15701.0,15746.45,311012065.0,26117.34,-0.0049412692514218
2021-07-28,15761.55,15767.5,15513.45,15709.4,318601589.0,26090.48,-0.002355683736621
2021-07-29,15762.7,15817.35,15737.8,15778.45,401584915.0,29460.54,0.0043858256873079
2021-07-30,15800.6,15862.8,15744.85,15763.05,400021237.0,30539.63,-0.0009764913668472
2021-08-02,15874.9,15892.9,15834.65,15885.15,244847433.0,20766.99,0.0077161169231256
2021-08-03,15951.55,16146.9,15914.35,16130.75,341289658.0,26373.24,0.0153426777187945
2021-08-04,16195.25,16290.2,16176.15,16258.8,427337644.0,32434.78,0.0079069123919256
2021-08-05,16288.95,16349.45,16210.3,16294.6,418174517.0,31386.78,0.0021994639228035
2021-08-06,16304.4,16336.75,16223.3,16238.2,320087281.0,24716.17,-0.0034672734288667
2021-08-09,16281.35,16320.75,16179.05,16258.25,240452917.0,18302.03,0.0012339810991164
2021-08-10,16274.8,16359.25,16202.25,16280.1,287989486.0,22600.38,0.0013430308103696
2021-08-11,16327.3,16338.75,16162.55,16282.25,277895886.0,20306.59,0.0001320543513059
2021-08-12,16303.65,16375.5,16286.9,16364.4,280181324.0,18548.87,0.0050326862566738
2021-08-13,16385.7,16543.6,16376.3,16529.1,321866286.0,27163.08,0.0100142202200388
2021-08-16,16518.4,16589.4,16480.75,16563.05,254049330.0,21456.2,0.002051846852562
2021-08-17,16545.25,16628.55,16495.4,16614.6,297388470.0,25696.44,0.0031075161431492
2021-08-18,16691.95,16701.85,16535.85,16568.85,251796822.0,22721.54,-0.0027574003900989
2021-08-20,16382.5,16509.55,16376.05,16450.5,350819323.0,30118.23,-0.0071685546090666
2021-08-23,16592.25,16592.5,16395.7,16496.45,275597782.0,24355.77,0.0027893343567396
2021-08-24,16561.4,16647.1,16495.3,16624.6,275362819.0,24992.32,0.0077383198591159
2021-08-25,16654.0,16712.45,16617.5,16634.65,265920141.0,22210.6,0.0006043431710507
2021-08-26,16627.95,16683.7,16603.4,16636.9,253530997.0,22320.21,0.0001352506873547
2021-08-27,16642.55,16722.05,16565.6,16705.2,217405743.0,20499.85,0.0040969282398875
2021-08-30,16775.85,16951.5,16764.85,16931.05,283483108.0,23615.87,0.0134291661041867
2021-08-31,16947.5,17153.5,16915.85,17132.2,464390247.0,40147.89,0.0118105194406499
2021-09-01,17185.6,17225.75,17055.05,17076.25,301894634.0,27691.93,-0.0032711245256615
2021-09-02,17095.4,17245.5,17059.7,17234.15,242377518.0,22620.36,0.0092042712853325
2021-09-03,17262.45,17340.1,17212.2,17323.6,261373795.0,23579.17,0.0051768532251176
2021-09-06,17399.35,17429.55,17345.55,17377.8,228045532.0,21270.62,0.0031237958165422
2021-09-07,17401.55,17436.5,17287.0,17362.1,243417811.0,19848.94,-0.0009038598884199
2021-09-08,17375.75,17383.4,17254.2,17353.5,252652423.0,22696.35,-0.000495454503216
2021-09-09,17312.85,17379.65,17302.7,17369.25,241509352.0,17719.78,0.0009071862729865
2021-09-13,17363.55,17378.35,17269.15,17355.3,241053924.0,18498.63,-0.000803466178854
2021-09-14,17420.35,17438.55,17367.05,17380.0,230354386.0,18702.82,0.0014221845881971
2021-09-15,17387.65,17532.7,17386.9,17519.45,388191629.0,24256.8,0.0079915724841745
2021-09-16,17539.2,17644.6,17510.45,17629.5,503310763.0,30189.77,0.0062619429374609
2021-09-17,17709.65,17792.95,17537.65,17585.15,508285916.0,43345.58,-0.002518839372159
2021-09-20,17443.85,17622.75,17361.8,17396.9,339102046.0,25304.27,-0.010762766458321
2021-09-21,17450.5,17578.35,17326.1,17562.0,363578479.0,26520.99,0.0094454475094025
2021-09-22,17580.9,17610.45,17524.0,17546.65,295191136.0,21772.23,-0.000874428437327
2021-09-23,17670.85,17843.9,17646.55,17822.95,320514486.0,25005.36,0.0156239041734466
2021-09-24,17897.45,17947.65,17819.4,17853.2,360130853.0,30787.59,0.0016958111931557
2021-09-27,17932.2,17943.5,17802.9,17855.1,295714657.0,24244.98,0.0001064178357296
2021-09-28,17906.45,17912.85,17576.1,17748.6,397997281.0,27055.36,-0.005982542131478
2021-09-29,17657.95,17781.75,17608.15,17711.3,562237732.0,30621.28,-0.0021037856145795
2021-09-30,17718.9,17742.15,17585.35,17618.15,378592721.0,27167.19,-0.0052732332856385
2021-10-01,17531.9,17557.15,17452.9,17532.05,305763919.0,20911.61,-0.0048989861907132
2021-10-04,17615.55,17750.9,17581.35,17691.25,295761839.0,21343.51,0.0090395325855123
2021-10-05,17661.35,17833.45,17640.9,17822.3,427000191.0,23066.8,0.0073803151105359
2021-10-06,17861.5,17884.6,17613.15,17646.0,395833550.0,24504.3,-0.0099413533765346
2021-10-07,17810.55,17857.55,17763.8,17790.35,419890959.0,27371.98,0.0081470466584434
2021-10-08,17886.85,17941.85,17840.35,17895.2,324066351.0,22778.68,0.005876345003409
2021-10-11,17867.55,18041.95,17839.1,17945.95,375756457.0,29000.2,0.0028319422740329
2021-10-12,17915.8,18008.65,17864.95,17991.95,355568313.0,26491.42,0.00255997290446
2021-10-13,18097.85,18197.8,18050.75,18161.75,506679748.0,34503.0,0.0093932985287852
2021-10-14,18272.85,18350.75,18248.7,18338.55,538714440.0,38903.16,0.0096876673744827
2021-10-18,18500.1,18543.15,18445.3,18477.05,469883515.0,36800.84,0.00752401989283
2021-10-19,18602.35,18604.45,18377.7,18418.75,368230309.0,30505.86,-0.0031602539324889
2021-10-20,18439.9,18458.3,18209.35,18266.6,371276478.0,28968.42,-0.0082949118597041
2021-10-21,18382.7,18384.2,18048.0,18178.1,365902008.0,30839.79,-0.0048566828074737
2021-10-22,18230.7,18314.25,18034.35,18114.9,324748084.0,26938.88,-0.003482768791941
2021-10-25,18229.5,18241.4,17968.5,18125.4,418703647.0,34572.34,0.0005794654179908
2021-10-26,18154.5,18310.45,18099.3,18268.4,341377869.0,29764.61,0.0078585218322496
2021-10-27,18295.85,18342.05,18167.9,18210.95,335248487.0,30823.75,-0.0031497297783985
2021-10-28,18187.65,18190.7,17799.45,17857.25,374205784.0,30222.34,-0.0196134732876029
2021-10-29,17833.05,17915.85,17613.1,17671.65,336466864.0,28136.0,-0.0104479276490836
2021-11-01,17783.15,17954.1,17697.1,17929.65,281190130.0,24354.38,0.0144941064896691
2021-11-02,17970.9,18012.25,17847.6,17888.95,296441997.0,23371.51,-0.0022725632780962
2021-11-03,17947.95,17988.75,17757.95,17829.2,330995982.0,26186.85,-0.0033456411226991
2021-11-04,17935.05,17947.55,17900.6,17916.8,48520856.0,3637.06,0.0049012575036592
2021-11-08,18040.2,18087.8,17836.1,18068.55,338919483.0,30908.23,0.0084340377145086
2021-11-09,18084.35,18112.6,17983.05,18044.25,270197527.0,23686.09,-0.0013457834157164
2021-11-10,17973.45,18061.25,17915.0,18017.2,261446523.0,22281.11,-0.0015002172720921
2021-11-11,17967.45,17971.35,17798.2,17873.6,232121151.0,20074.78,-0.0080020933646903
2021-11-12,17977.6,18123.0,17905.9,18102.75,249111898.0,22164.33,0.0127390965982348
2021-11-15,18140.95,18210.15,18071.3,18109.45,280428633.0,19099.6,0.0003700410401166
2021-11-16,18127.05,18132.65,17958.8,17999.2,267431829.0,24101.67,-0.0061065890087613
2021-11-17,17939.35,18022.65,17879.25,17898.65,295715938.0,22950.84,-0.005602021455896
2021-11-18,17890.55,17945.6,17688.5,17764.8,278425148.0,22625.36,-0.0075063196902765
2021-11-22,17796.25,17805.25,17280.45,17416.55,356400425.0,29570.57,-0.0197980677280822
2021-11-23,17281.75,17553.7,17216.1,17503.35,308843255.0,26240.41,0.004971387591004
2021-11-24,17550.05,17600.6,17354.0,17415.05,298052158.0,23766.93,-0.0050575162788005
2021-11-25,17417.3,17564.35,17351.7,17536.25,255947032.0,21953.33,0.0069353921488597
2021-11-26,17338.75,17355.4,16985.7,17026.45,356330009.0,28485.53,-0.0295021497726213
2021-11-29,17055.8,17160.7,16782.4,17053.95,348888750.0,27428.2,0.0016138311738437
2021-11-30,17051.15,17324.65,16931.4,16983.2,497999836.0,41494.9,-0.0041572283164124
2021-12-01,17104.4,17213.05,17064.25,17166.9,295542125.0,24098.73,0.0107584910065619
2021-12-02,17183.2,17420.35,17149.3,17401.65,279867500.0,22473.64,0.0135819181686219
2021-12-03,17424.9,17489.8,17180.8,17196.7,292526485.0,23100.57,-0.0118475243641214
2021-12-06,17209.05,17216.75,16891.7,16912.25,231716681.0,17912.15,-0.0166792935250669
2021-12-07,17044.1,17251.65,16987.75,17176.7,254144221.0,21693.69,0.0155156028656058
2021-12-08,17315.25,17484.6,17308.95,17469.75,257791948.0,21665.95,0.0169169995101799
2021-12-09,17524.4,17543.25,17379.6,17516.85,237170272.0,18984.75,0.0026924610252884
2021-12-10,17476.05,17534.35,17405.25,17511.3,204467484.0,16399.53,-0.0003168879913123
2021-12-13,17619.1,17639.5,17355.95,17368.25,256560534.0,20592.03,-0.0082025600706723
2021-12-14,17283.2,17376.2,17225.8,17324.9,270965586.0,20459.79,-0.0024990537072034
2021-12-15,17323.65,17351.2,17192.2,17221.4,214972109.0,17046.42,-0.0059919765456759
2021-12-16,17373.0,17379.35,17184.95,17248.4,219496063.0,18493.54,0.0015665890444361
2021-12-17,17276.0,17298.15,16966.45,16985.2,354591366.0,31326.91,-0.015377008913403
2021-12-20,16824.25,16840.1,16410.2,16614.2,330614079.0,25123.59,-0.0220846252542637
2021-12-21,16773.15,16936.4,16688.25,16770.85,241030834.0,19783.04,0.0093845089143681
2021-12-22,16865.55,16971.0,16819.5,16955.45,207946105.0,17443.94,0.0109470557698107
2021-12-23,17066.8,17118.65,17015.55,17072.6,196965302.0,15755.89,0.0068855231401119
2021-12-24,17149.5,17155.6,16909.6,17003.75,182564833.0,15435.01,-0.0040409312434183
2021-12-27,16937.75,17112.05,16833.2,17086.25,144777457.0,12567.03,0.0048401385192229
2021-12-28,17177.6,17250.25,17161.15,17233.25,176026100.0,14553.76,0.0085666107599145
2021-12-29,17220.1,17285.95,17176.65,17213.6,161679423.0,14320.79,-0.001140888187536
2021-12-30,17201.45,17264.05,17146.35,17203.95,320831676.0,21929.19,-0.0005607604406977
2021-12-31,17244.5,17400.8,17238.5,17354.05,167025720.0,14588.54,0.0086868999308723
2022-01-03,17387.15,17646.65,17383.3,17625.7,200456430.0,16181.36,0.0155321556744384
2022-01-04,17681.4,17827.6,17593.55,17805.25,247437472.0,18604.16,0.010135293409169
2022-01-05,17820.1,17944.7,17748.85,17925.25,251460038.0,23737.31,0.0067169757589339
2022-01-06,17768.5,17797.95,17655.55,17745.9,236454824.0,22643.82,-0.0100558300652436
2022-01-07,17797.6,17905.0,17704.55,17812.7,239338015.0,21447.89,0.0037571827114337
2022-01-10,17913.3,18017.45,17879.15,18003.3,232418075.0,20853.64,0.0106433883899857
2022-01-11,17997.75,18081.25,17964.4,18055.75,220238796.0,20781.46,0.0029091191803581
2022-01-12,18170.4,18227.95,18128.8,18212.35,244974287.0,22298.69,0.0086357417794735
2022-01-13,18257.0,18272.25,18163.8,18257.8,303700545.0,28670.93,0.0024924505947533
2022-01-14,18185.0,18286.95,18119.65,18255.75,229451608.0,21024.51,-0.0001122870825846
2022-01-17,18235.65,18321.55,18228.75,18308.1,266702919.0,23859.38,0.002863485971556
2022-01-18,18337.2,18350.95,18085.9,18113.05,227507319.0,20852.67,-0.0107109119142861
2022-01-19,18129.2,18129.2,17884.9,17938.4,276662654.0,25310.19,-0.0096890064780822
2022-01-20,17921.0,17943.7,17648.45,17757.0,258094246.0,25863.29,-0.0101638621004863
2022-01-21,17613.7,17707.6,17485.85,17617.15,277645373.0,25941.64,-0.0079069449649056
2022-01-24,17575.15,17599.4,16997.85,17149.1,323847388.0,28387.73,-0.0269271653109793
2022-01-25,17001.55,17309.15,16836.8,17277.95,326515896.0,31344.46,0.0074854279782373
2022-01-27,17062.0,17182.5,16866.75,17110.15,395596577.0,36296.64,-0.0097592674103367
2022-01-28,17208.3,17373.5,17077.1,17101.95,355284285.0,29799.89,-0.000479362573886
2022-01-31,17301.05,17410.0,17264.15,17339.85,321660346.0,25474.13,0.0138148287011213
2022-02-01,17529.45,17622.4,17244.55,17576.85,386391485.0,30033.66,0.0135753745188972
2022-02-02,17706.2,17794.6,17674.8,17780.0,271205907.0,23611.59,0.0114915347709128
2022-02-03,17767.75,17781.15,17511.15,17560.2,226614989.0,20373.06,-0.0124392524220078
2022-02-04,17590.2,17617.8,17462.55,17516.3,261434170.0,20651.85,-0.002503101673277
2022-02-07,17456.3,17536.75,17119.4,17213.6,265037933.0,21925.11,-0.0174321069333693
2022-02-08,17279.85,17306.45,17043.65,17266.75,268526210.0,23846.16,0.0030829177834033
2022-02-09,17370.1,17477.15,17339.0,17463.8,236350514.0,19327.67,0.0113474802114628
2022-02-10,17554.1,17639.45,17427.15,17605.85,273606440.0,22210.93,0.0081010661276622
2022-02-11,17451.0,17454.75,17303.0,17374.75,253141660.0,23230.82,-0.0132132303215008
2022-02-14,17076.15,17099.5,16809.65,16842.8,305510740.0,24976.16,-0.031094737081558
2022-02-15,16933.25,17375.0,16839.25,17352.45,298658142.0,24765.67,0.0298104410216877
2022-02-16,17408.45,17490.6,17257.7,17322.2,244549223.0,21128.38,-0.0017447909452098
2022-02-17,17396.55,17442.9,17235.85,17304.6,232136131.0,19381.26,-0.0010165537396252
2022-02-18,17236.05,17380.8,17219.2,17276.3,189620888.0,16126.96,-0.0016367420349265
2022-02-21,17192.25,17351.05,17070.7,17206.65,215183301.0,18725.57,-0.0040396830734258
2022-02-22,16847.95,17148.55,16843.8,17092.2,300131995.0,24040.84,-0.0066737179109929
2022-02-23,17194.5,17220.7,17027.85,17063.25,200229631.0,17662.47,-0.0016951910709848
2022-02-24,16548.9,16705.25,16203.25,16247.95,457967874.0,36650.83,-0.048960281051569
2022-02-25,16515.65,16748.8,16478.3,16658.4,329780732.0,25743.77,0.0249478467398197
2022-02-28,16481.6,16815.9,16356.3,16793.9,404214666.0,33831.57,0.0081011315247346
2022-03-02,16593.1,16678.5,16478.65,16605.95,517723542.0,39407.44,-0.0112546603606692
2022-03-03,16723.2,16768.95,16442.95,16498.05,442068263.0,31413.0,-0.0065188727710802
2022-03-04,16339.45,16456.0,16133.8,16245.35,456143040.0,34821.1,-0.015435478124563
2022-03-07,15867.95,15944.6,15711.45,15863.15,585403660.0,38038.75,-0.0238079046314428
2022-03-08,15747.75,16028.75,15671.45,16013.45,543600673.0,38704.4,0.0094301847641446
2022-03-09,16078.0,16418.05,15990.0,16345.35,462231428.0,35329.34,0.0205144591106737
2022-03-10,16757.1,16757.3,16447.9,16594.9,486445481.0,35513.73,0.0151519660192187
2022-03-11,16528.8,16694.4,16470.9,16630.45,343717045.0,24720.34,0.0021399331273389
2022-03-14,16633.7,16887.95,16606.5,16871.3,314669685.0,23824.02,0.0143786010888066
2022-03-15,16900.65,16927.75,16555.0,16663.0,381631902.0,29731.09,-0.0124232609020222
2022-03-16,16876.65,16987.9,16837.85,16975.35,259973396.0,21361.32,0.0185715992324149
2022-03-17,17202.9,17344.6,17175.75,17287.05,448335248.0,35367.28,0.0181953744944157
2022-03-21,17329.5,17353.35,17096.4,17117.6,285451208.0,22886.39,-0.0098504923127131
2022-03-22,17120.4,17334.4,17006.3,17315.5,338263468.0,27347.6,0.0114948801633633
2022-03-23,17405.05,17442.4,17199.6,17245.65,292120348.0,24705.28,-0.0040421163708296
2022-03-24,17094.95,17291.75,17091.15,17222.75,290280124.0,25011.72,-0.0013287534883735
2022-03-25,17289.0,17294.9,17076.55,17153.0,237115741.0,20031.39,-0.0040580988470762
2022-03-28,17181.85,17235.1,17003.9,17222.0,253240837.0,19976.26,0.0040145508462854
2022-03-29,17297.2,17343.65,17235.7,17325.3,235149625.0,20305.78,0.0059802246693889
2022-03-30,17468.15,17522.5,17387.2,17498.25,505031841.0,28907.47,0.0099330149857725
2022-03-31,17519.2,17559.8,17435.2,17464.75,281111679.0,24032.07,-0.0019163121157625
2022-04-01,17436.9,17703.7,17422.7,17670.45,291773447.0,21132.13,0.0117091890869959
2022-04-04,17809.1,18114.65,17791.4,18053.4,345526502.0,38623.94,0.0214402797909094
2022-04-05,18080.6,18095.45,17921.55,17957.4,283453612.0,25096.7,-0.0053317464438475
2022-04-06,17842.75,17901.0,17779.85,17807.65,328824420.0,24252.48,-0.0083741459954355
2022-04-07,17723.3,17787.5,17623.7,17639.55,308840215.0,26236.91,-0.0094846002028219
2022-04-08,17698.15,17842.75,17600.55,17784.35,274447433.0,25608.1,0.0081753170308477
2022-04-11,17740.9,17779.05,17650.95,17674.95,251701846.0,21001.58,-0.0061704741556992
2022-04-12,17584.85,17595.3,17442.35,17530.3,266029060.0,23958.77,-0.0082175706179322
2022-04-13,17599.9,17663.65,17457.4,17475.65,245061941.0,20229.83,-0.0031223288839913
2022-04-18,17183.45,17237.75,17067.85,17173.65,376130248.0,30154.62,-0.0174322510234197
2022-04-19,17258.95,17275.65,16824.7,16958.65,401399563.0,35467.13,-0.0125982042599976
2022-04-20,17045.25,17186.9,16978.95,17136.55,286069736.0,25972.15,0.0104355812231434
2022-04-21,17234.6,17414.7,17215.5,17392.6,285200022.0,24999.9,0.014831219041721
2022-04-22,17242.75,17315.3,17149.2,17171.95,262739740.0,23371.7,-0.012767589762518
2022-04-25,17009.05,17054.3,16888.7,16953.95,275685925.0,22699.65,-0.0127763936160031
2022-04-26,17121.3,17223.85,17064.45,17200.8,261065753.0,22079.92,0.0144550493403581
2022-04-27,17073.35,17110.7,16958.45,17038.4,265140480.0,25373.8,-0.0094862740866997
2022-04-28,17189.5,17322.5,17071.05,17245.05,312914417.0,28488.87,0.0120555254967463
2022-04-29,17329.25,17377.65,17053.25,17102.55,336243642.0,29582.86,-0.0082975705777976
2022-05-02,16924.45,17092.25,16917.25,17069.1,278155513.0,21222.64,-0.0019577638588736
2022-05-04,17096.6,17132.85,16623.95,16677.6,310632799.0,27405.52,-0.0232033096529673
2022-05-05,16854.75,16945.7,16651.85,16682.65,265793403.0,21792.91,0.0003027555272264
2022-05-06,16415.55,16484.2,16340.9,16411.25,300527719.0,25472.95,-0.0164021819471334
2022-05-09,16227.7,16403.7,16142.1,16301.85,288402950.0,23274.74,-0.0066884769612406
2022-05-10,16248.9,16404.55,16197.3,16240.05,283061200.0,22685.27,-0.0037981847584162
2022-05-11,16270.05,16318.75,15992.6,16167.1,284294438.0,22994.38,-0.0045021005067112
2022-05-12,16021.1,16041.95,15735.75,15808.0,314921678.0,25352.34,-0.022462172034303
2022-05-13,15977.0,16083.6,15740.85,15782.15,369135540.0,27454.12,-0.0016365864530401
2022-05-16,15845.1,15977.95,15739.65,15842.3,217646558.0,17852.19,0.0038040233132169
2022-05-17,15912.6,16284.25,15900.8,16259.3,295687774.0,22782.99,0.025981474896775
2022-05-18,16318.15,16399.8,16211.2,16240.3,290441105.0,23889.84,-0.00116924529315
2022-05-19,15917.4,15984.75,15775.2,15809.4,313876082.0,24340.84,-0.0268911076322144
2022-05-20,16043.8,16283.05,16003.85,16266.15,252402013.0,22806.69,0.0284815615543781
2022-05-23,16290.95,16414.7,16185.75,16214.7,293829853.0,25110.85,-0.0031680231909529
2022-05-24,16225.55,16262.8,16078.6,16125.15,249778296.0,21895.75,-0.0055380732363732
2022-05-25,16196.35,16223.35,16006.95,16025.8,243342347.0,21400.14,-0.0061802414065991
2022-05-26,16105.0,16204.45,15903.7,16170.15,314305739.0,27721.21,0.0089670264262852
2022-05-27,16296.6,16370.6,16221.95,16352.45,274064956.0,21341.98,0.0112107832282717
2022-05-30,16527.9,16695.5,16506.15,16661.4,251400757.0,21216.5,0.0187169336094066
2022-05-31,16578.45,16690.75,16521.9,16584.55,651613610.0,52929.35,-0.0046231277420674
2022-06-01,16594.4,16649.2,16438.85,16522.75,249619038.0,19350.33,-0.0037333199493177
2022-06-02,16481.65,16646.4,16443.05,16628.0,235958283.0,20055.84,0.0063498022602603
2022-06-03,16761.65,16793.85,16567.9,16584.3,245514871.0,22249.29,-0.0026315566954934
2022-06-06,16530.7,16610.95,16444.55,16569.55,233589132.0,17999.41,-0.0008897911387766
2022-06-07,16469.6,16487.25,16347.1,16416.35,233814633.0,17921.95,-0.0092888841322758
2022-06-08,16474.95,16514.3,16293.35,16356.25,243481044.0,18336.15,-0.0036677021275259
2022-06-09,16263.85,16492.8,16243.85,16478.1,204954394.0,16721.68,0.0074221392763222
2022-06-10,16283.95,16324.7,16172.6,16201.8,189680523.0,18388.03,-0.016909879395574
2022-06-13,15877.55,15886.15,15684.0,15774.4,225534385.0,20002.64,-0.0267339743384273
2022-06-14,15674.25,15858.0,15659.45,15732.1,225425862.0,19825.41,-0.0026851618183916
2022-06-15,15729.25,15783.65,15678.9,15692.15,183011236.0,16063.24,-0.0025426237076681
2022-06-16,15832.25,15863.15,15335.1,15360.6,264735957.0,21383.06,-0.0213547978559734
2022-06-17,15272.65,15400.4,15183.4,15293.5,342629997.0,29074.0,-0.00437788792816
2022-06-20,15334.5,15382.5,15191.1,15350.15,260022438.0,18531.78,0.0036973444439847
2022-06-21,15455.95,15707.25,15419.85,15638.8,262794687.0,18934.27,0.0186297598584063
2022-06-22,15545.65,15565.4,15385.95,15413.3,220889589.0,16817.07,-0.0145242327669215
2022-06-23,15451.55,15628.45,15367.5,15556.65,259171810.0,21722.06,0.0092574268770784
2022-06-24,15657.4,15749.25,15619.45,15699.25,219599372.0,18259.72,0.0091247405715748
2022-06-27,15926.2,15927.45,15815.5,15832.05,210932505.0,17770.42,0.0084234259433956
2022-06-28,15757.45,15892.1,15710.15,15850.2,251865155.0,18419.75,0.0011457520842448
2022-06-29,15701.7,15861.6,15687.8,15799.1,444949551.0,22528.57,-0.0032291421550026
2022-06-30,15774.5,15890.0,15728.85,15780.25,306027777.0,23970.65,-0.0011938182539383
2022-07-01,15703.7,15793.95,15511.05,15752.05,364090131.0,25891.94,-0.0017886425993802
2022-07-04,15710.5,15852.35,15661.8,15835.35,304328467.0,19875.22,0.0052742671509817
2022-07-05,15909.15,16025.75,15785.45,15810.85,254164463.0,19129.6,-0.0015483694658309
2022-07-06,15818.2,16011.35,15800.9,15989.8,288375300.0,22836.77,0.0112546057332146
2022-07-07,16113.75,16150.5,16045.95,16132.9,264615218.0,21465.33,0.0089096462393676
2022-07-08,16273.65,16275.5,16157.9,16220.6,281102369.0,20990.69,0.0054213741821626
2022-07-11,16136.15,16248.55,16115.5,16216.0,255915072.0,20240.69,-0.0002836302220848
2022-07-12,16126.2,16158.75,16031.15,16058.3,208648707.0,16042.52,-0.0097725592849715
2022-07-13,16128.2,16140.0,15950.15,15966.65,233264100.0,19649.66,-0.0057236779578485
2022-07-14,16018.85,16070.85,15858.2,15938.65,228603433.0,18858.83,-0.0017551947286701
2022-07-15,16010.8,16066.95,15927.3,16049.2,205768079.0,17031.43,0.0069120269187908
2022-07-18,16151.4,16287.95,16142.2,16278.5,227744850.0,19420.93,0.0141862146403283
2022-07-19,16187.05,16359.5,16187.05,16340.55,222630928.0,18068.59,0.0038045298587748
2022-07-20,16562.8,16588.0,16490.95,16520.85,284359582.0,22061.81,0.0109734709575834
2022-07-21,16523.55,16626.95,16483.9,16605.25,243625339.0,20603.17,0.0050956908678
2022-07-22,16661.25,16752.25,16610.9,16719.45,190906776.0,18600.11,0.0068538019571832
2022-07-25,16662.55,16706.05,16564.25,16631.0,211392171.0,19384.43,-0.0053042886906669
2022-07-26,16632.9,16636.1,16463.3,16483.85,208208122.0,20087.54,-0.0088873099859093
2022-07-27,16475.35,16653.45,16438.75,16641.8,185210970.0,17608.03,0.0095364889176067
2022-07-28,16774.85,16947.65,16746.25,16929.6,376256315.0,26674.28,0.0171459665480599
2022-07-29,17079.5,17172.8,17018.15,17158.25,436059722.0,28241.29,0.013415538339623
2022-08-01,17243.2,17356.25,17154.8,17340.05,381532671.0,23221.04,0.0105397473471988
2022-08-02,17310.15,17390.15,17215.85,17345.45,333639093.0,22576.94,0.0003113693066917
2022-08-03,17349.25,17407.5,17225.85,17388.15,285414666.0,20842.13,0.002458715567124
2022-08-04,17463.1,17490.7,17161.25,17382.0,324981426.0,21848.21,-0.0003537517131295
2022-08-05,17423.65,17474.4,17348.75,17397.5,355310802.0,20013.14,0.0008913297215996
2022-08-08,17401.5,17548.8,17359.75,17525.1,256994113.0,18475.21,0.0073076213015998
2022-08-10,17566.1,17566.1,17442.8,17534.75,312716544.0,21952.35,0.0005504872521527
2022-08-11,17711.65,17719.3,17631.95,17659.0,311247237.0,20476.53,0.0070609421403666
2022-08-12,17659.65,17724.65,17597.85,17698.15,303872483.0,18422.47,0.0022145459122128
2022-08-16,17797.2,17839.1,17764.05,17825.25,278042725.0,18495.27,0.0071558771042484
2022-08-17,17868.15,17965.95,17833.35,17944.25,262768582.0,21209.54,0.0066537379070216
2022-08-18,17898.65,17968.45,17852.05,17956.5,263914197.0,18441.68,0.000682437022927
2022-08-19,17966.55,17992.2,17710.75,17758.45,295627263.0,21531.99,-0.0110907073968127
2022-08-22,17682.9,17690.05,17467.35,17490.7,287559133.0,19605.44,-0.0151921478807559
2022-08-23,17357.35,17625.55,17345.2,17577.5,285616338.0,20365.8,0.0049503639913507
2022-08-24,17525.45,17623.65,17499.25,17604.95,261953239.0,17819.88,0.0015604374095596
2022-08-25,17679.0,17726.5,17487.45,17522.45,230181848.0,17566.7,-0.0046971965865721
2022-08-26,17619.3,17685.85,17519.35,17558.9,266636238.0,17500.8,0.0020780279616681
2022-08-29,17188.65,17380.15,17166.2,17312.9,244854637.0,19351.5,-0.0141090555020461
2022-08-30,17414.95,17777.65,17401.5,17759.3,324687477.0,26284.26,0.0254574339990522
2022-09-01,17485.7,17695.6,17468.45,17542.8,308526598.0,26813.95,-0.0122657130494076
2022-09-02,17598.4,17643.85,17476.45,17539.45,256268616.0,19548.88,-0.0001909797695519
2022-09-05,17546.45,17683.15,17540.35,17665.8,230309013.0,17011.26,0.0071779375230424
2022-09-06,17695.7,17764.65,17587.65,17655.6,251204527.0,17521.09,-0.0005775535671594
2022-09-07,17519.4,17650.75,17484.3,17624.4,354137885.0,25419.5,-0.0017687079440843
2022-09-08,17748.15,17807.65,17691.95,17798.75,279845682.0,19925.25,0.0098439245473871
2022-09-09,17923.35,17925.95,17786.0,17833.35,270299618.0,20564.06,0.0019420696997862
2022-09-12,17890.85,17980.55,17889.15,17936.35,228242025.0,17648.17,0.0057590801534984
2022-09-13,18044.45,18088.3,18015.45,18070.05,259922741.0,21039.08,0.0074264916511124
2022-09-14,17771.15,18091.55,17771.15,18003.75,365866933.0,26611.96,-0.0036758020863416
2022-09-15,18046.35,18096.15,17861.5,17877.4,289637528.0,22007.78,-0.0070427242296225
2022-09-16,17796.8,17820.05,17497.25,17530.85,468464263.0,36013.89,-0.0195751592381154
2022-09-19,17540.65,17667.2,17429.7,17622.25,258329581.0,19548.99,0.0052001220924611
2022-09-20,17770.4,17919.3,17744.4,17816.25,263100874.0,20456.69,0.0109486540312579
2022-09-21,17766.35,17838.7,17663.6,17718.35,245532498.0,19816.78,-0.0055101364698046
2022-09-22,17609.65,17722.75,17532.45,17629.8,284094023.0,21303.96,-0.0050101736713567
2022-09-23,17593.85,17642.15,17291.65,17327.35,390754862.0,23750.53,-0.0173044740328959
2022-09-26,17156.3,17196.4,16978.3,17016.3,492002942.0,27533.01,-0.0181144698050807
2022-09-27,17110.9,17176.45,16942.35,17007.4,359895458.0,22712.8,-0.0005231647471022
2022-09-28,16870.55,17037.6,16820.4,16858.6,323922457.0,21400.93,-0.0087876311083257
2022-09-29,16993.6,17026.05,16788.6,16818.1,340034380.0,24758.63,-0.0024052249492814
2022-09-30,16798.05,17187.1,16747.7,17094.35,380204763.0,26205.63,0.0162923121514349
2022-10-03,17102.1,17114.65,16855.55,16887.35,285850587.0,21860.54,-0.012183178617222
2022-10-04,17147.45,17287.3,17117.3,17274.3,231601639.0,18480.43,0.0226550269111865
2022-10-06,17379.25,17428.8,17315.65,17331.8,268239320.0,20404.46,0.0033231166132481
2022-10-07,17287.2,17337.35,17216.95,17314.65,216273136.0,17043.26,-0.0009900004993715
2022-10-10,17094.35,17280.15,17064.7,17241.0,234005512.0,16220.67,-0.0042626957688177
2022-10-11,17256.05,17261.8,16950.3,16983.55,282617982.0,22178.37,-0.015045039668972
2022-10-12,17025.55,17142.35,16960.05,17123.6,256037322.0,18098.41,0.0082124004568667
2022-10-13,17087.35,17112.35,16956.95,17014.35,266438674.0,18189.64,-0.0064005233452741
2022-10-14,17322.3,17348.55,17169.75,17185.7,226997138.0,17813.47,0.0100205370334444
2022-10-17,17144.8,17328.55,17098.55,17311.8,212223419.0,16887.83,0.0073107072473373
2022-10-18,17438.75,17527.8,17434.05,17486.95,239493630.0,18224.95,0.0100665385434343
2022-10-19,17568.15,17607.6,17472.85,17512.25,210480869.0,17200.79,0.0014457475831908
2022-10-20,17423.1,17584.15,17421.0,17563.95,249604832.0,18345.6,0.0029478699197255
2022-10-21,17622.85,17670.15,17520.75,17576.3,277702680.0,23547.38,0.0007028977032589
2022-10-24,17736.35,17777.55,17707.4,17730.75,45029477.0,3772.49,0.0087490167091534
2022-10-25,17808.3,17811.5,17637.0,17656.35,251358203.0,20338.32,-0.0042049283283901
2022-10-27,17771.4,17783.9,17654.5,17736.95,324649088.0,24166.3,0.0045545422059832
2022-10-28,17756.4,17838.9,17723.7,17786.8,250030113.0,19099.59,0.0028065749095631
2022-10-31,17910.2,18022.8,17899.9,18012.2,227174539.0,19846.47,0.0125926969232824
2022-11-01,18130.7,18175.8,18060.15,18145.4,349924808.0,26796.59,0.0073677789761327
2022-11-02,18177.9,18178.75,18048.65,18082.85,270878019.0,20072.62,-0.0034531097777932
2022-11-03,17968.35,18106.3,17959.2,18052.7,212968291.0,16037.78,-0.001668717204877
2022-11-04,18053.4,18135.1,18017.15,18117.15,267941526.0,21062.54,0.0035637453962944
2022-11-07,18211.75,18255.5,18064.75,18202.8,314758398.0,25124.84,0.0047164249274147
2022-11-09,18288.25,18296.4,18117.5,18157.0,307155149.0,23344.58,-0.0025192671149599
2022-11-10,18044.35,18103.1,17969.4,18028.2,256451785.0,19848.06,-0.0071189626676594
2022-11-11,18272.35,18362.3,18259.35,18349.7,378469072.0,30732.11,0.0176760269722243
2022-11-14,18376.4,18399.45,18311.4,18329.15,301401961.0,21697.66,-0.0011205368843472
2022-11-15,18362.75,18427.95,18282.0,18403.4,250926391.0,17836.19,0.0040427414446846
2022-11-16,18398.25,18442.15,18344.15,18409.65,219268992.0,19732.87,0.0003395535039911
2022-11-17,18358.7,18417.6,18312.95,18343.9,200512910.0,16410.36,-0.003577889490425
2022-11-18,18382.95,18394.6,18209.8,18307.65,198794846.0,16553.69,-0.0019780888841003
2022-11-21,18246.4,18262.3,18133.35,18159.95,213794598.0,15037.5,-0.0081003854175059
2022-11-22,18179.15,18261.85,18137.7,18244.2,177681099.0,14750.98,0.0046286014321959
2022-11-23,18325.2,18325.4,18246.0,18267.25,178791087.0,15674.45,0.0012626177849523
2022-11-24,18326.1,18529.7,18294.25,18484.1,204044559.0,18218.35,0.0118010639952423
2022-11-25,18528.45,18534.9,18445.1,18512.75,205876043.0,17112.8,0.0015487808138774
2022-11-28,18430.55,18614.25,18365.6,18562.75,206468884.0,19006.92,0.0026972005940332
2022-11-29,18552.45,18678.1,18552.15,18618.05,195255179.0,16568.17,0.0029746557780997
2022-11-30,18625.7,18816.05,18616.55,18758.35,345636288.0,32757.21,0.0075074463545009
2022-12-01,18871.95,18887.6,18778.2,18812.5,324955829.0,22216.65,0.0028825558908002
2022-12-02,18752.4,18781.95,18639.2,18696.1,254401004.0,20233.76,-0.0062065965491442
2022-12-05,18719.55,18728.6,18591.35,18701.05,288393766.0,19471.83,0.0002647260568736
2022-12-06,18600.65,18654.9,18577.9,18642.75,217777090.0,17772.27,-0.0031223414523407
2022-12-07,18638.85,18668.3,18528.4,18560.5,200501720.0,17496.8,-0.0044216639141222
2022-12-08,18570.85,18625.0,18536.95,18609.35,202811256.0,19277.65,0.0026284759354648
2022-12-09,18662.4,18664.7,18410.1,18496.6,215839572.0,20317.78,-0.0060772111756395
2022-12-12,18402.15,18521.55,18345.7,18497.15,193883468.0,16688.2,2.9734752494251067e-05
2022-12-13,18524.4,18617.25,18490.2,18608.0,187585567.0,16536.17,0.0059749296136281
2022-12-14,18671.25,18696.1,18632.9,18660.3,208030337.0,16626.0,0.0028066766840707
2022-12-15,18614.4,18652.9,18387.7,18414.9,183127544.0,15618.55,-0.0132381529337834
2022-12-16,18319.1,18440.95,18255.15,18269.0,277650193.0,23292.95,-0.0079544851721632
2022-12-19,18288.1,18431.65,18244.55,18420.45,154847475.0,14455.23,0.0082558261417479
2022-12-20,18340.3,18404.9,18202.65,18385.3,169041783.0,15038.56,-0.0019100282258184
2022-12-21,18435.15,18473.35,18162.75,18199.1,187594274.0,17223.44,-0.0101792899597819
2022-12-22,18288.8,18318.75,18068.6,18127.35,195699650.0,16725.23,-0.0039502948019335
2022-12-23,17977.65,18050.45,17779.5,17806.8,221454773.0,18486.94,-0.0178414406907027
2022-12-26,17830.4,18084.1,17774.25,18014.6,176652342.0,13708.21,0.0116021334164834
2022-12-27,18089.8,18149.25,17967.45,18132.3,214257094.0,13000.64,0.0065123380415187
2022-12-28,18084.75,18173.1,18068.35,18122.5,193873167.0,13997.59,-0.0005406180830502
2022-12-29,18045.7,18229.7,17992.8,18191.0,281052828.0,18466.05,0.0037727060871833
2022-12-30,18259.1,18265.25,18080.3,18105.3,192005563.0,14475.22,-0.0047222531914706
2023-01-02,18131.7,18215.15,18086.5,18197.45,256073979.0,11793.06,0.0050767612877239
2023-01-03,18163.2,18251.95,18149.8,18232.55,208699772.0,13680.91,0.001926983851842
2023-01-04,18230.65,18243.0,18020.6,18042.95,235162202.0,16687.71,-0.0104534314636423
2023-01-05,18101.95,18120.3,17892.6,17992.15,269949738.0,22108.53,-0.0028194751035864
2023-01-06,18008.05,18047.4,17795.55,17859.45,238220578.0,17495.25,-0.0074027717595589
2023-01-09,17952.55,18141.4,17936.15,18101.2,257237669.0,19916.16,0.0134454545152968
2023-01-10,18121.3,18127.6,17856.0,17914.15,283277918.0,20570.3,-0.0103873310594484
2023-01-11,17924.25,17976.35,17824.35,17895.7,259853294.0,20204.33,-0.0010304428324909
2023-01-12,17920.85,17945.8,17761.65,17858.2,227769060.0,19762.43,-0.0020976740300072
2023-01-13,17867.5,17999.35,17774.25,17956.6,256700729.0,21341.7,0.0054949488811592
2023-01-16,18033.15,18049.65,17853.65,17894.85,206195816.0,16728.37,-0.0034447734227114
2023-01-17,17922.8,18072.05,17886.95,18053.3,219055125.0,17461.09,0.0088155315999272
2023-01-18,18074.3,18183.75,18032.45,18165.35,255840928.0,20500.07,0.0061874397571668
2023-01-19,18119.8,18155.2,18063.75,18107.85,237833991.0,18413.13,-0.0031703874024205
2023-01-20,18115.6,18145.45,18016.2,18027.65,237225269.0,19519.96,-0.004438855512424
2023-01-23,18118.45,18162.6,18063.45,18118.55,202460434.0,17060.12,0.0050295849424065
2023-01-24,18183.95,18201.25,18078.65,18118.3,216910302.0,19705.91,-1.3798108831454767e-05
2023-01-25,18093.35,18100.6,17846.15,17891.95,257227052.0,20890.56,-0.0125715862073606
2023-01-27,17877.2,17884.75,17493.55,17604.35,476342611.0,40104.83,-0.01620486042541
2023-01-30,17541.95,17709.15,17405.55,17648.95,432434028.0,38159.88,0.0025302609284759
2023-01-31,17731.45,17735.7,17537.55,17662.15,398338541.0,35023.7,0.0007476402952535
2023-02-01,17811.6,17972.2,17353.4,17616.3,512870802.0,38486.19,-0.0025993220119003
2023-02-02,17517.1,17653.9,17445.95,17610.4,490113567.0,37639.96,-0.0003349731910832
2023-02-03,17721.75,17870.3,17584.2,17854.05,424123037.0,34503.67,0.013740736629151
2023-02-06,17818.55,17823.7,17698.35,17764.6,282544790.0,21864.88,-0.0050226602101452
2023-02-07,17790.1,17811.15,17652.55,17721.5,354395693.0,23611.08,-0.0024291213288073
2023-02-08,17750.3,17898.7,17744.15,17871.7,290994265.0,23733.4,0.0084398644447551
2023-02-09,17885.5,17916.9,17779.8,17893.45,260854055.0,21529.97,0.0012162679413476
2023-02-10,17847.55,17876.95,17801.0,17856.5,231991834.0,17063.99,-0.0020671364943135
2023-02-13,17859.1,17880.7,17719.75,17770.9,231276483.0,17406.31,-0.0048052995568044
2023-02-14,17840.35,17954.55,17800.05,17929.85,244512944.0,20579.8,0.008904633672618
2023-02-15,17896.6,18034.1,17853.8,18015.85,229273800.0,21457.34,0.0047850042753287
2023-02-16,18094.75,18134.75,18000.65,18035.85,230246175.0,18891.55,0.0011095178342057
2023-02-17,17974.85,18034.25,17884.6,17944.2,208053929.0,16998.33,-0.0050945008816343
2023-02-20,17965.55,18004.35,17818.4,17844.6,174563233.0,14729.07,-0.0055660014941524
2023-02-21,17905.8,17924.9,17800.3,17826.7,198248205.0,15593.09,-0.001003608026758
2023-02-22,17755.35,17772.5,17529.45,17554.3,204021979.0,17162.09,-0.0153983992759745
2023-02-23,17574.65,17620.05,17455.4,17511.25,240807918.0,19313.68,-0.0024554026176142
2023-02-24,17591.35,17599.75,17421.8,17465.8,209406363.0,16100.18,-0.0025988484209401
2023-02-27,17428.6,17451.6,17299.0,17392.7,246448847.0,16638.41,-0.0041941051482731
2023-02-28,17383.25,17440.45,17255.2,17303.95,420881259.0,32959.77,-0.0051157788177069
2023-03-01,17360.1,17467.75,17345.25,17450.9,272881409.0,19784.53,0.0084564241084092
2023-03-02,17421.5,17445.8,17306.0,17321.9,310669094.0,22068.68,-0.007419626362913
2023-03-03,17451.25,17644.75,17427.7,17594.35,356169518.0,24143.96,0.0156062308912444
2023-03-06,17680.35,17799.95,17671.95,17711.45,362801096.0,26959.41,0.0066334953122811
2023-03-08,17665.75,17766.5,17602.25,17754.4,267041402.0,23155.56,0.002422049436094
2023-03-09,17772.05,17772.35,17573.6,17589.6,262352056.0,21964.17,-0.0093255542287693
2023-03-10,17443.8,17451.5,17324.35,17412.9,235927570.0,19794.73,-0.0100965074526697
2023-03-13,17421.9,17529.9,17113.45,17154.3,254914657.0,22860.67,-0.0149624397972489
2023-03-14,17160.55,17224.65,16987.1,17043.3,290604200.0,26057.6,-0.0064917064247525
2023-03-15,17166.45,17211.35,16938.9,16972.15,248188970.0,22659.09,-0.0041833992356591
2023-03-16,16994.65,17062.45,16850.15,16985.6,349820607.0,24198.71,0.0007921608883593
2023-03-17,17111.8,17145.8,16958.15,17100.05,408121255.0,30478.42,0.0067154612053056
2023-03-20,17066.6,17066.6,16828.35,16988.4,241777405.0,21454.09,-0.0065506292746326
2023-03-21,17060.4,17127.7,17016.0,17107.5,246737873.0,22039.11,0.0069862056382009
2023-03-22,17177.45,17207.25,17107.85,17151.9,185700457.0,15712.0,0.0025919908029994
2023-03-23,17097.4,17205.4,17045.3,17076.9,219171517.0,19676.97,-0.0043822815890368
2023-03-24,17076.2,17109.45,16917.35,16945.05,228038299.0,19019.88,-0.00775091728089
2023-03-27,16984.3,17091.0,16918.55,16985.7,218418670.0,18466.56,0.0023960578205877
2023-03-28,17031.75,17061.75,16913.75,16951.7,238840919.0,20942.5,-0.0020036898156717
2023-03-29,16977.3,17126.15,16940.6,17080.7,345911087.0,27261.74,0.0075810473446718
2023-03-31,17210.35,17381.6,17204.65,17359.75,263889033.0,24970.98,0.0162051370796747
2023-04-03,17427.95,17428.05,17312.75,17398.05,230170687.0,20359.58,0.0022038227679195
2023-04-05,17422.3,17570.55,17402.7,17557.05,248345193.0,23911.75,0.0090974476751935
2023-04-06,17533.85,17638.7,17502.85,17599.15,242708337.0,23543.21,0.0023950267733336
2023-04-10,17634.9,17694.1,17597.95,17624.05,254819382.0,21092.06,0.0014138411131193
2023-04-11,17704.8,17748.75,17655.15,17722.3,304263454.0,25841.64,0.0055592870573658
2023-04-12,17759.55,17825.75,17717.25,17812.4,232816318.0,22851.93,0.0050711103842399
2023-04-13,17807.3,17842.15,17729.65,17828.0,285764798.0,26460.2,0.0008754111062864
2023-04-17,17863.0,17863.0,17574.05,17706.85,357401212.0,35118.57,-0.0068186847221795
2023-04-18,17766.6,17766.6,17610.2,17660.15,258856690.0,23032.99,-0.0026408814511533
2023-04-19,17653.35,17666.15,17579.85,17618.75,281463379.0,21562.08,-0.0023470130306909
2023-04-20,17638.6,17684.45,17584.35,17624.45,215103396.0,19457.45,0.0003234666573808
2023-04-21,17639.75,17663.2,17553.95,17624.05,230156645.0,19091.44,-2.269600124935328e-05
2023-04-24,17707.55,17754.5,17612.5,17743.4,255740393.0,23142.94,0.0067491692528103
2023-04-25,17761.55,17807.45,17716.85,17769.25,297445999.0,28819.53,0.0014558195215261
2023-04-26,17767.3,17827.75,17711.2,17813.6,233008677.0,21295.14,0.0024927751973571
2023-04-27,17813.1,17931.6,17797.9,17915.05,241434660.0,24454.15,0.0056789312022102
2023-04-28,17950.4,18089.15,17885.3,18065.0,290263674.0,27026.12,0.0083352228892828
2023-05-02,18124.8,18180.25,18101.75,18147.65,265216308.0,23615.47,0.0045647111444177
2023-05-03,18113.8,18116.35,18042.4,18089.85,226171254.0,19079.79,-0.0031900682451589
2023-05-04,18081.0,18267.45,18066.7,18255.8,226643581.0,21889.48,0.0091318302584812
2023-05-05,18117.3,18216.95,18055.45,18069.0,239702311.0,26152.88,-0.0102850750276499
2023-05-08,18120.6,18286.95,18100.3,18264.4,228399379.0,22687.94,0.0107560472654236
2023-05-09,18303.4,18344.2,18229.65,18265.95,245368649.0,23478.06,8.486094444379597e-05
2023-05-10,18313.6,18326.75,18211.95,18315.1,220450874.0,21416.41,0.0026871852817707
2023-05-11,18357.8,18389.7,18270.4,18297.0,248932544.0,26440.1,-0.0009887442389029
2023-05-12,18273.75,18342.75,18194.55,18314.8,241702589.0,22046.04,0.0009723641778049
2023-05-15,18339.3,18458.9,18287.9,18398.85,216088535.0,19329.75,0.0045786865014996
2023-05-16,18432.35,18432.35,18264.35,18286.5,219490491.0,21063.78,-0.0061250799705598
2023-05-17,18300.45,18309.0,18115.35,18181.75,229898510.0,20903.12,-0.0057447389485387
2023-05-18,18287.5,18297.2,18104.85,18129.95,272103515.0,24172.44,-0.0028530768395788
2023-05-19,18186.15,18218.1,18060.4,18203.4,260898407.0,22105.67,0.0040431229190964
2023-05-22,18201.1,18335.25,18178.85,18314.4,262560942.0,25147.58,0.0060792458392437
2023-05-23,18362.9,18419.75,18324.2,18348.0,270354216.0,28648.15,0.0018329410735294
2023-05-24,18294.8,18392.6,18262.95,18285.4,232621507.0,24273.17,-0.0034176495183284
2023-05-25,18268.9,18338.1,18202.4,18321.15,235915651.0,22411.41,0.0019532029850136
2023-05-26,18368.35,18508.55,18333.15,18499.35,198668359.0,19094.08,0.0096794661302798
2023-05-29,18619.15,18641.2,18581.25,18598.65,265323978.0,19237.57,0.0053534011080012
2023-05-30,18606.65,18662.45,18575.5,18633.85,234391323.0,21660.69,0.0018908217545032
2023-05-31,18594.2,18603.9,18483.85,18534.4,696495765.0,70755.08,-0.0053513543052989
2023-06-01,18579.4,18580.3,18464.55,18487.75,265630759.0,24056.99,-0.0025201142931687
2023-06-02,18550.85,18573.7,18478.4,18534.1,270923679.0,23171.88,0.0025039280433874
2023-06-05,18612.0,18640.15,18582.8,18593.85,256111496.0,20369.16,0.0032186022433864
2023-06-06,18600.8,18622.75,18531.6,18599.0,220789926.0,21957.47,0.0002769349502884
2023-06-07,18665.6,18738.95,18636.0,18726.4,260109671.0,21482.77,0.006826477130569
2023-06-08,18725.35,18777.9,18615.6,18634.55,286468927.0,22762.3,-0.0049169084323055
2023-06-09,18655.9,18676.65,18555.4,18563.4,221760885.0,20181.42,-0.0038254842952022
2023-06-12,18595.05,18633.6,18559.75,18601.5,179463966.0,15386.04,0.0020503223927487
2023-06-13,18631.8,18728.9,18631.8,18716.15,233167883.0,22612.62,0.0061445648760739
2023-06-14,18744.6,18769.7,18690.0,18755.9,261354575.0,19520.08,0.0021215820810404
2023-06-15,18774.45,18794.1,18669.05,18688.1,263004991.0,24820.77,-0.003621411927017
2023-06-16,18723.3,18864.7,18710.5,18826.0,272771256.0,28877.67,0.0073519354661314
2023-06-19,18873.3,18881.45,18719.15,18755.45,219815214.0,22699.84,-0.0037545162773133
2023-06-20,18752.35,18839.7,18660.65,18816.7,211649257.0,19687.08,0.0032603965574623
2023-06-21,18849.4,18875.9,18794.85,18856.85,217481345.0,19102.48,0.0021314697022533
2023-06-22,18853.6,18886.6,18759.5,18771.25,252697871.0,24990.87,-0.0045497990950773
2023-06-23,18741.85,18756.4,18647.1,18665.5,210562119.0,20619.6,-0.0056495438985202
2023-06-26,18682.35,18722.05,18646.7,18691.2,171271325.0,17355.14,0.0013759247500199
2023-06-27,18748.55,18829.25,18714.25,18817.4,222464605.0,21415.89,0.006729148846371
2023-06-28,18908.15,19011.25,18861.35,18972.1,398782019.0,37356.94,0.0081875052167941
2023-06-30,19076.85,19201.7,19024.6,19189.05,247906587.0,26376.62,0.0113703249166845
2023-07-03,19246.5,19345.1,19234.4,19322.55,226050219.0,22681.54,0.0069330038087148
2023-07-04,19406.6,19434.15,19300.0,19389.0,226916635.0,26634.06,0.0034330872964505
2023-07-05,19405.95,19421.6,19339.6,19398.5,224418797.0,24699.24,0.000489848543472
2023-07-06,19385.7,19512.2,19373.0,19497.3,268261285.0,28540.18,0.0050802509522156
2023-07-07,19422.8,19523.6,19303.6,19331.8,237102566.0,23089.25,-0.0085245860563054
2023-07-10,19400.35,19435.85,19327.1,19355.9,268246132.0,25991.55,0.001245874172791
2023-07-11,19427.1,19515.1,19406.45,19439.4,251263638.0,26883.78,0.0043046517974119
2023-07-12,19497.45,19507.7,19361.75,19384.3,327941559.0,40163.14,-0.0028384742821917
2023-07-13,19495.2,19567.0,19385.8,19413.75,310442517.0,27244.56,0.0015181178258223
2023-07-14,19493.45,19595.35,19433.5,19564.5,291165841.0,25484.44,0.0077351215942267
2023-07-17,19612.15,19731.85,19562.95,19711.45,268707894.0,25975.57,0.0074829856798224
2023-07-18,19787.5,19819.45,19690.2,19749.25,286353897.0,33269.08,0.001915830766397
2023-07-19,19802.95,19851.7,19727.45,19833.15,259660464.0,26447.9,0.0042392642007422
2023-07-20,19831.7,19991.85,19758.4,19979.15,274698867.0,30622.66,0.0073344496296331
2023-07-21,19800.45,19887.4,19700.0,19745.0,312461795.0,33802.14,-0.0117889350342925
2023-07-24,19748.45,19782.75,19658.3,19672.35,265562151.0,24522.29,-0.0036861981977146
2023-07-25,19729.35,19729.35,19615.95,19680.6,369653496.0,29665.67,0.0004192824233436
2023-07-26,19733.35,19825.6,19716.7,19778.3,244747425.0,23023.86,0.0049519981374134
2023-07-27,19850.9,19867.55,19603.55,19659.9,334891351.0,35019.13,-0.0060043488655605
2023-07-28,19659.75,19695.9,19563.1,19646.05,258671382.0,22995.98,-0.0007047279393175
2023-07-31,19666.35,19772.75,19597.6,19753.8,295053318.0,23075.38,0.0054695776061646
2023-08-01,19784.0,19795.6,19704.6,19733.55,298048161.0,24554.71,-0.0010256450116385
2023-08-02,19655.4,19678.25,19423.55,19526.55,290666798.0,23997.47,-0.0105451549130788
2023-08-03,19463.75,19537.65,19296.45,19381.65,315688612.0,29899.38,-0.0074483358208647
2023-08-04,19462.8,19538.85,19436.45,19517.0,280799561.0,28086.15,0.0069591384917051
2023-08-07,19576.85,19620.45,19524.8,19597.3,216586074.0,21655.87,0.0041059209962603
2023-08-08,19627.2,19634.4,19533.1,19570.85,260294052.0,25437.47,-0.0013505873532751
2023-08-09,19578.8,19645.5,19467.5,19632.55,266495074.0,23201.75,0.0031476887690017
2023-08-10,19605.55,19623.6,19495.4,19543.1,312193785.0,29430.34,-0.0045666201045435
2023-08-11,19554.25,19557.75,19412.75,19428.3,235524048.0,24521.24,-0.0058915169615944
2023-08-14,19383.95,19465.85,19257.9,19434.55,243850815.0,22767.43,0.0003216439377906
2023-08-16,19369.0,19482.75,19317.2,19465.0,226627230.0,21484.66,0.0015655711297147
2023-08-17,19450.55,19461.55,19326.25,19365.25,268663456.0,26505.65,-0.0051377582900605
2023-08-18,19301.75,19373.8,19253.6,19310.15,256142364.0,25641.41,-0.002849358366249
2023-08-21,19320.65,19425.95,19296.3,19393.6,262589133.0,20738.75,0.0043122503280009
2023-08-22,19417.1,19443.5,19381.3,19396.45,208704354.0,20226.48,0.0001469448997942
2023-08-23,19439.2,19472.05,19366.6,19444.0,225214991.0,20167.16,0.0024484795493044
2023-08-24,19535.15,19584.45,19369.0,19386.7,268256859.0,24338.24,-0.0029512752327599
2023-08-25,19297.4,19339.55,19229.7,19265.8,466518217.0,24998.12,-0.006255760650941
2023-08-28,19298.35,19366.85,19249.7,19306.05,248178769.0,18237.22,0.0020870149919961
2023-08-29,19374.85,19377.9,19309.1,19342.65,307388116.0,22501.12,0.0018939840636754
2023-08-30,19433.45,19452.8,19334.75,19347.45,233004568.0,19877.49,0.0002481254907391
2023-08-31,19375.55,19388.2,19223.65,19253.8,562557215.0,45699.54,-0.0048521839960522
2023-09-01,19258.15,19458.55,19255.7,19435.3,372502191.0,25962.38,0.0093825564041325
2023-09-04,19525.05,19545.15,19432.85,19528.8,396071122.0,24822.79,0.0047992988144208
2023-09-05,19564.65,19587.05,19525.75,19574.9,303958622.0,24029.89,0.0023578342385654
2023-09-06,19581.2,19636.45,19491.5,19611.05,512974083.0,32500.52,0.0018450495779825
2023-09-07,19598.65,19737.0,19550.05,19727.05,304929822.0,23591.0,0.005897607470804
2023-09-08,19774.8,19867.15,19727.05,19819.95,288093693.0,23530.84,0.0046982158385487
2023-09-11,19890.0,20008.15,19865.35,19996.35,248763130.0,21924.34,0.0088607507045185
2023-09-12,20110.15,20110.35,19914.65,19993.2,328064239.0,30110.8,-0.0001575411579531
2023-09-13,19989.5,20096.9,19944.1,20070.0,251394599.0,24332.36,0.0038339470673604
2023-09-14,20127.95,20167.65,20043.45,20103.1,275111881.0,21902.65,0.0016478692204573
2023-09-15,20156.45,20222.45,20129.7,20192.35,438185104.0,42681.35,0.0044297877773378
2023-09-18,20155.95,20195.35,20115.7,20133.3,264870758.0,21135.95,-0.0029286591638919
2023-09-20,19980.75,20050.65,19878.85,19901.4,378065882.0,37351.58,-0.0115850796274781
2023-09-21,19840.55,19848.75,19709.95,19742.35,275132260.0,26711.83,-0.0080240064758942
2023-09-22,19744.85,19798.65,19657.5,19674.25,246410075.0,24137.57,-0.0034554004027898
2023-09-25,19678.2,19734.15,19601.55,19674.55,188398392.0,20194.48,1.524824136976305e-05
2023-09-26,19682.8,19699.35,19637.45,19664.7,204869058.0,18118.19,-0.0005007721400809
2023-09-27,19637.05,19730.7,19554.0,19716.45,203559874.0,19659.17,0.0026281624476409
2023-09-28,19761.8,19766.65,19492.1,19523.55,352810261.0,30069.78,-0.0098318834812623
2023-09-29,19581.2,19726.25,19551.05,19638.3,243508919.0,20978.72,0.0058603119314944
2023-10-03,19622.4,19623.2,19479.65,19528.75,221719625.0,21459.58,-0.0055940023911736
2023-10-04,19446.3,19457.8,19333.6,19436.1,277148310.0,26017.47,-0.0047555771219727
2023-10-05,19521.85,19576.95,19487.3,19545.75,234865323.0,22019.04,0.0056257098721089
2023-10-06,19621.2,19675.75,19589.4,19653.5,159051277.0,16096.52,0.005497568008546
2023-10-09,19539.45,19588.95,19480.5,19512.35,165094800.0,15499.67,-0.0072078410705406
2023-10-10,19565.6,19717.8,19565.45,19689.85,216559447.0,18735.62,0.0090556761096549
2023-10-11,19767.0,19839.2,19756.95,19811.35,213729730.0,19900.99,0.0061517312470612
2023-10-12,19822.7,19843.3,19772.65,19794.0,217904144.0,20999.94,-0.0008761443143344
2023-10-13,19654.55,19805.4,19635.3,19751.05,254955979.0,24363.02,-0.0021722069835914
2023-10-16,19737.25,19781.3,19691.85,19731.75,180964341.0,14746.01,-0.0009776409746631
2023-10-17,19843.2,19849.75,19775.65,19811.5,185846716.0,16839.87,0.0040335636613206
2023-10-18,19820.45,19840.95,19659.95,19671.1,198942937.0,18581.64,-0.0071120236152531
2023-10-19,19545.2,19681.8,19512.35,19624.7,230312163.0,23582.01,-0.0023615766348855
2023-10-20,19542.15,19593.8,19518.7,19542.65,198341255.0,17944.31,-0.0041897202656687
2023-10-23,19521.6,19556.85,19257.85,19281.75,176044288.0,16212.9,-0.0134402039636361
2023-10-25,19286.45,19347.3,19074.15,19122.15,225291741.0,19818.32,-0.0083117036978903
2023-10-26,19027.25,19041.7,18837.85,18857.25,300356469.0,28939.64,-0.0139498936671336
2023-10-27,18928.75,19076.15,18926.65,19047.25,205201044.0,19947.48,0.0100252788637633
2023-10-30,19053.4,19158.5,18940.0,19140.9,180132492.0,17095.73,0.0049046726660236
2023-10-31,19232.95,19233.7,19056.45,19079.6,206049341.0,19397.36,-0.0032077054230868
2023-11-01,19064.05,19096.05,18973.7,18989.15,194103279.0,18452.51,-0.0047519380175908
2023-11-02,19120.0,19175.25,19064.15,19133.25,245595109.0,19771.49,0.0075598958250219
2023-11-03,19241.0,19276.25,19210.9,19230.6,189516123.0,17304.87,0.00507510111476
2023-11-06,19345.85,19423.0,19309.7,19411.75,180690631.0,16296.56,0.009375792466276
2023-11-07,19404.05,19423.5,19329.1,19406.7,198660124.0,18288.06,-0.0002601855575629
2023-11-08,19449.6,19464.4,19401.5,19443.5,194967997.0,17060.45,0.0018944567083908
2023-11-09,19457.4,19463.9,19378.35,19395.3,208418472.0,19087.29,-0.0024820553026905
2023-11-10,19351.85,19451.3,19329.45,19425.35,152215785.0,12916.21,0.0015481454330038
2023-11-12,19547.25,19547.25,19510.25,19525.55,37311902.0,2482.27,0.0051449502336882
2023-11-13,19486.75,19494.4,19414.75,19443.55,189275733.0,13527.22,-0.0042084688138326
2023-11-15,19651.4,19693.2,19579.65,19675.45,291464988.0,24957.24,0.0118562701772011
2023-11-16,19674.7,19875.25,19627.0,19765.2,282686669.0,26041.45,0.0045511498880301
2023-11-17,19674.75,19806.0,19667.45,19731.8,236827462.0,21681.28,-0.0016912680943572
2023-11-20,19731.15,19756.45,19670.5,19694.0,173780543.0,16737.05,-0.0019175266745258
2023-11-21,19770.9,19829.1,19754.05,19783.4,194969012.0,17947.2,0.0045291813962118
2023-11-22,19784.0,19825.55,19703.85,19811.85,184497984.0,17405.48,0.001437041306519
2023-11-23,19828.45,19875.15,19786.75,19802.0,170024085.0,15906.94,-0.0004973008280183
2023-11-24,19809.6,19832.85,19768.85,19794.7,145895044.0,14389.29,-0.0003687175993304
2023-11-28,19844.65,19916.85,19800.0,19889.7,229595031.0,23043.25,0.00478778469488
2023-11-29,19976.55,20104.65,19956.3,20096.6,236241768.0,22367.64,0.0103486367321116
2023-11-30,20108.5,20158.7,20015.85,20133.15,486585349.0,48877.95,0.0018170637429511
2023-12-01,20194.1,20291.55,20183.7,20267.9,265812566.0,22461.53,0.006670643444628
2023-12-04,20601.95,20702.65,20507.75,20686.8,381107418.0,33917.52,0.0204574619912329
2023-12-05,20808.9,20864.05,20711.15,20855.1,421008350.0,41763.52,0.0081027069438026
2023-12-06,20950.75,20961.95,20852.15,20937.7,359212958.0,35654.76,0.00395283912787
2023-12-07,20932.4,20941.25,20850.8,20901.15,274985308.0,24862.43,-0.0017471803980189
2023-12-08,20934.1,21006.1,20862.7,20969.4,292440768.0,27449.96,0.0032600508207486
2023-12-11,20965.3,21026.1,20923.7,20997.1,212921451.0,21150.17,0.0013201007481038
2023-12-12,21018.55,21037.9,20867.15,20906.4,244867128.0,25404.64,-0.0043290007586474
2023-12-13,20929.75,20950.0,20769.5,20926.35,260269318.0,25918.44,0.0009537982328403
2023-12-14,21110.4,21210.9,21074.45,21182.7,334410589.0,32593.42,0.0121756803785805
2023-12-15,21287.45,21492.3,21235.3,21456.65,508761756.0,50114.46,0.0128498098346775
2023-12-18,21434.8,21482.8,21365.35,21418.65,249668965.0,23615.28,-0.0017725828134065
2023-12-19,21477.65,21505.05,21337.75,21453.1,249750062.0,23750.61,0.0016071192528823
2023-12-20,21543.5,21593.0,21087.35,21150.15,363886229.0,30993.12,-0.0142221594105099
2023-12-21,21033.95,21288.35,20976.8,21255.05,277548079.0,26001.02,0.004947516529941
2023-12-22,21295.85,21390.5,21232.45,21349.4,284708918.0,27709.29,0.0044291220395791
2023-12-26,21365.2,21477.15,21329.45,21441.35,219467748.0,20081.33,0.0042976644029708
2023-12-27,21497.65,21675.75,21495.8,21654.75,256542963.0,23059.25,0.0099035292838362
2023-12-28,21715.0,21801.45,21678.0,21778.7,393080755.0,35031.0,0.0057075980144208
2023-12-29,21737.65,21770.3,21676.9,21731.4,270922276.0,23697.88,-0.0021742086840976
2024-01-01,21727.75,21834.35,21680.85,21741.9,153995217.0,14184.09,0.0004830551259819
2024-01-02,21751.35,21755.6,21555.65,21665.8,263711568.0,25316.13,-0.0035062939508453
2024-01-03,21661.1,21677.0,21500.35,21517.35,311933117.0,32329.23,-0.0068753939803709
2024-01-04,21605.8,21685.65,21564.55,21658.6,339172697.0,30868.15,0.0065430177643685
2024-01-05,21705.75,21749.6,21629.2,21710.8,309303266.0,26554.49,0.0024072283779417
2024-01-08,21747.6,21763.95,21492.9,21513.0,231452935.0,21140.94,-0.009152429020898
2024-01-09,21653.6,21724.45,21517.85,21544.85,228568589.0,24055.74,0.00147940530282
2024-01-10,21529.3,21641.85,21448.65,21618.7,216991926.0,20958.96,0.0034218720221299
2024-01-11,21688.0,21726.5,21593.75,21647.2,212453866.0,23492.12,0.0013174349370812
2024-01-12,21773.55,21928.25,21715.15,21894.55,294678459.0,30565.5,0.0113616315739859
2024-01-15,22053.15,22115.55,21963.55,22097.45,345543523.0,29523.15,0.0092244698464408
2024-01-16,22080.5,22124.15,21969.8,22032.3,292433764.0,24435.94,-0.0029526587996769
2024-01-17,21647.25,21851.5,21550.45,21571.95,455999867.0,47533.44,-0.0211156987984298
2024-01-18,21414.2,21539.4,21285.55,21462.25,387341268.0,39718.84,-0.005098281720792
2024-01-19,21615.2,21670.6,21575.0,21622.4,343055124.0,34429.24,0.0074342364436114
2024-01-20,21706.15,21720.3,21541.8,21571.8,162073740.0,13917.46,-0.0023429082212985
2024-01-23,21716.7,21750.25,21192.6,21238.8,449718534.0,48813.68,-0.0155572085518486
2024-01-24,21185.25,21482.35,21137.2,21453.95,407460664.0,41718.64,0.010079080002224
2024-01-25,21454.6,21459.0,21247.05,21352.6,418143077.0,40088.5,-0.0047352654852423
2024-01-29,21433.1,21763.25,21429.6,21737.6,376702289.0,34516.42,0.0178699678952925
2024-01-30,21775.75,21813.05,21501.8,21522.1,375137333.0,32916.3,-0.0099631658391133
2024-01-31,21487.25,21741.35,21448.85,21725.7,410583065.0,41587.85,0.0094155774002533
2024-02-01,21780.65,21832.95,21658.75,21697.45,332541208.0,34042.15,-0.0013011494553287
2024-02-02,21812.75,22126.8,21805.55,21853.8,442794738.0,38395.9,0.0071800773433003
2024-02-05,21921.05,21964.3,21726.95,21771.7,440849699.0,33807.94,-0.0037638581528382
2024-02-06,21825.2,21951.4,21737.55,21929.4,370968111.0,32910.82,0.0072172409632705
2024-02-07,22045.05,22053.3,21860.15,21930.5,346263704.0,30088.76,5.015971309687693e-05
2024-02-08,22009.65,22011.05,21665.3,21717.95,491069786.0,41082.02,-0.0097392544332029
2024-02-09,21727.0,21804.45,21629.9,21782.5,349222850.0,31176.16,0.0029677875690214
2024-02-12,21800.8,21831.7,21574.75,21616.05,287436165.0,23921.14,-0.0076708008067306
2024-02-13,21664.3,21766.8,21543.35,21743.25,365785766.0,29896.62,0.0058672702236109
2024-02-14,21578.15,21870.85,21530.2,21840.05,359120861.0,32535.0,0.0044420757111879
2024-02-15,21906.55,21953.85,21794.8,21910.75,345394395.0,29559.69,0.0032319437149108
2024-02-16,22020.3,22068.65,21968.95,22040.7,343892935.0,30666.89,0.0059133602496496
2024-02-19,22103.45,22186.65,22021.05,22122.25,218252325.0,21375.71,0.0036931451676362
2024-02-20,22099.2,22215.6,22045.85,22196.95,295705319.0,26872.32,0.0033710026687649
2024-02-21,22248.85,22249.4,21997.95,22055.05,364545679.0,29741.39,-0.0064132914383778
2024-02-22,22081.55,22252.5,21875.25,22217.45,343495136.0,33985.94,0.0073364155357774
2024-02-23,22290.0,22297.5,22186.1,22212.7,225983194.0,24617.01,-0.0002138187702763
2024-02-26,22169.2,22202.15,22075.15,22122.05,207775504.0,20850.26,-0.0040893487084771
2024-02-27,22090.2,22218.25,22085.65,22198.35,252199186.0,24620.71,0.0034431131207391
2024-02-28,22214.1,22229.15,21915.85,21951.15,202952371.0,20579.8,-0.0111984318433974
2024-02-29,21935.2,22060.55,21860.65,21982.8,360165824.0,40196.12,0.0014407994489542
2024-03-01,22048.3,22353.3,22047.75,22338.75,351503075.0,29646.47,0.0160625092315932
2024-03-04,22403.5,22440.9,22358.3,22405.6,298794435.0,23771.71,0.0029880889873316
2024-03-05,22371.25,22416.9,22269.15,22356.3,296153036.0,29165.37,-0.0022027670824689
2024-03-06,22327.5,22497.2,22224.35,22474.05,312262560.0,31029.01,0.0052531497425974
2024-03-07,22505.3,22525.65,22430.0,22493.55,379865142.0,33558.46,0.0008672911706346
2024-03-11,22517.5,22526.6,22307.25,22332.65,277897373.0,27222.37,-0.0071788682071318
2024-03-12,22334.45,22452.55,22256.0,22335.7,299201167.0,29781.12,0.0001365620178376
2024-03-13,22432.2,22446.75,21905.65,21997.7,493341697.0,40109.23,-0.0152483928191569
2024-03-14,21982.55,22204.6,21917.5,22146.65,426742460.0,37348.3,0.0067483410794881
2024-03-15,22064.85,22120.9,21931.7,22023.35,661460455.0,60260.88,-0.0055829893714841
2024-03-18,21990.1,22123.7,21916.55,22055.7,356321519.0,23015.51,0.0014678177414507
2024-03-19,21946.45,21978.3,21793.1,21817.45,344157465.0,30291.6,-0.0108609635735484
2024-03-20,21843.9,21930.9,21710.2,21839.1,312414696.0,28939.85,0.0009918329219701
2024-03-21,21989.9,22080.95,21941.3,22011.95,353172434.0,31258.4,0.0078835464702635
2024-03-22,21932.2,22180.7,21883.3,22096.75,388656439.0,39023.19,0.0038450511793153
2024-03-26,21947.9,22073.2,21947.55,22004.7,328403719.0,33382.08,-0.0041744719810147
2024-03-27,22053.95,22193.6,22052.85,22123.65,409136866.0,38830.73,0.0053911051782769
2024-03-28,22163.6,22516.0,22163.6,22326.9,407422815.0,45656.57,0.0091450574409679
2024-04-01,22455.0,22529.95,22427.75,22462.0,243637071.0,21420.69,0.0060327630166456
2024-04-02,22458.8,22497.6,22388.15,22453.3,289524237.0,27940.93,-0.0003873958365548
2024-04-03,22385.7,22521.1,22346.5,22434.65,309647491.0,30793.28,-0.0008309580220587
2024-04-04,22592.1,22619.0,22303.8,22514.65,400986156.0,40705.56,0.0035595697583823
2024-04-05,22486.4,22537.6,22427.6,22513.7,242244731.0,24797.82,-4.219563897600843e-05
2024-04-08,22578.35,22697.3,22550.35,22666.3,227633561.0,22480.2,0.0067552271049311
2024-04-09,22765.1,22768.4,22612.25,22642.75,232356772.0,21651.69,-0.0010395275169402
2024-04-10,22720.25,22775.7,22673.7,22753.8,276847931.0,25355.05,0.0048924520259116
2024-04-12,22677.4,22726.45,22503.75,22519.4,357187778.0,36456.91,-0.0103550044829946
2024-04-15,22339.05,22427.45,22259.55,22272.5,355465814.0,29474.59,-0.011024426319883
2024-04-16,22125.3,22213.75,22079.45,22147.9,317267066.0,28661.04,-0.0056100497425024
2024-04-18,22212.35,22326.5,21961.7,21995.85,456906707.0,43314.67,-0.0068888846695565
2024-04-19,21861.5,22179.55,21777.65,22147.0,362530569.0,36073.63,0.0068482479371053
2024-04-22,22336.9,22375.65,22198.15,22336.4,279259571.0,26841.2,0.0085155875913575
2024-04-23,22447.05,22447.55,22349.45,22368.0,231520813.0,25651.64,0.001413731322334
2024-04-24,22421.55,22476.45,22384.0,22402.4,235898642.0,21925.6,0.0015367299273513
2024-04-25,22316.9,22625.95,22305.25,22570.35,475044740.0,53803.8,0.0074690020410453
2024-04-26,22620.4,22620.4,22385.55,22419.95,329887340.0,36984.89,-0.0066859105299196
2024-04-29,22475.55,22655.8,22441.9,22643.4,291957361.0,32431.45,0.0099172312481621
2024-04-30,22679.65,22783.35,22568.4,22604.85,361859375.0,38741.7,-0.0017039337135533
2024-05-02,22567.85,22710.5,22567.85,22648.2,445909456.0,43133.31,0.0019158935479583
2024-05-03,22766.35,22794.7,22348.05,22475.85,438060727.0,44432.55,-0.0076389791301331
2024-05-06,22561.6,22588.8,22409.45,22442.7,320255789.0,33417.53,-0.0014760051701738
2024-05-07,22489.75,22499.05,22232.05,22302.5,297815469.0,31512.26,-0.0062666144663355
2024-05-08,22231.2,22368.65,22185.2,22302.5,277438692.0,29717.33,0.0
2024-05-09,22224.8,22307.75,21932.4,21957.5,331327454.0,37870.88,-0.015590012996666
2024-05-10,21990.95,22131.3,21950.3,22055.2,265804411.0,28717.71,0.0044396349451461
2024-05-13,22027.95,22131.65,21821.05,22104.05,278186886.0,29036.08,0.0022124478982964
2024-05-14,22112.9,22270.05,22081.25,22217.85,230238941.0,23741.66,0.0051351702014188
2024-05-15,22255.6,22297.55,22151.75,22200.55,231935478.0,23815.79,-0.0007789565078779
2024-05-16,22319.2,22432.25,22054.55,22403.85,368945092.0,38836.11,0.0091157557460597
2024-05-17,22415.25,22502.15,22345.65,22466.1,242654570.0,27388.67,0.0027746872879504
2024-05-18,22512.85,22520.25,22470.05,22502.0,19064566.0,1572.77,0.0015966877687512
2024-05-21,22404.55,22591.1,22404.55,22529.05,347591587.0,30782.35,0.0012013934053743
2024-05-22,22576.6,22629.5,22483.15,22597.8,290345590.0,28556.14,0.0030469688528972
2024-05-23,22614.1,22993.6,22577.45,22967.65,369767547.0,39157.65,0.0162341477026776
2024-05-24,22930.75,23026.4,22908.0,22957.1,261927120.0,27966.99,-0.0004594472560259
2024-05-27,23038.95,23110.8,22871.2,22932.45,260006078.0,27204.54,-0.0010743187662915
2024-05-28,22977.15,22998.55,22858.5,22888.15,217890750.0,23054.65,-0.0019336287086089
2024-05-29,22762.75,22825.5,22685.45,22704.7,269932784.0,27549.09,-0.0080473578649701
2024-05-30,22617.45,22705.75,22417.0,22488.65,373374457.0,32991.46,-0.0095612140229056
2024-05-31,22568.1,22653.75,22465.1,22530.7,572122639.0,67040.32,0.0018680861553376
2024-06-03,23337.9,23338.7,23062.3,23263.9,569425569.0,56418.25,0.0320239792085728
2024-06-04,23179.5,23179.5,21281.45,21884.5,1006105058.0,93786.44,-0.0611241791717209
2024-06-05,22128.35,22670.4,21791.95,22620.35,638487077.0,64326.85,0.0330713199177658
2024-06-06,22798.6,22910.15,22642.6,22821.4,480413289.0,49047.39,0.0088487486443831
2024-06-07,22821.85,23320.2,22789.05,23290.15,473554898.0,47621.54,0.0203318321625611
2024-06-10,23319.15,23411.9,23227.15,23259.2,304392368.0,29060.4,-0.0013297717180034
2024-06-11,23283.75,23389.45,23206.65,23264.85,305185666.0,29190.91,0.0002428851326475
2024-06-12,23344.45,23441.95,23295.95,23322.95,295630910.0,31795.48,0.0024942165167948
2024-06-13,23480.95,23481.05,23353.9,23398.9,268279841.0,30151.67,0.003251158372345
2024-06-14,23464.95,23490.4,23334.25,23465.6,223086741.0,25746.34,0.0028465062056323
2024-06-18,23570.8,23579.05,23499.7,23557.9,272207297.0,29389.75,0.0039257017677237
2024-06-19,23629.85,23664.0,23412.9,23516.0,328811255.0,39430.39,-0.0017801801450586
2024-06-20,23586.15,23624.0,23442.6,23567.0,280336970.0,33390.07,0.0021663878659495
2024-06-21,23661.15,23667.1,23398.2,23501.1,609877803.0,70062.97,-0.0028001998406907
2024-06-24,23382.3,23558.1,23350.0,23537.85,239358460.0,24862.37,0.0015625351959234
2024-06-25,23577.1,23754.15,23562.05,23721.3,298111025.0,34263.36,0.0077636149373623
2024-06-26,23723.1,23889.9,23670.45,23868.8,287824687.0,33979.62,0.0061987880801539
2024-06-27,23881.55,24087.45,23805.4,24044.5,515227010.0,61216.71,0.0073341133907751
2024-06-28,24085.9,24174.0,23985.8,24010.6,354779832.0,41242.87,-0.0014108806608831
2024-07-01,23992.95,24164.0,23992.7,24141.95,242468081.0,28204.06,0.0054555916887449
2024-07-02,24228.75,24236.35,24056.4,24123.85,309629240.0,34838.65,-0.0007500135022509
2024-07-03,24291.75,24309.15,24207.1,24286.5,289201551.0,36661.17,0.0067196627176867
2024-07-04,24369.95,24401.0,24281.0,24302.15,251189844.0,28466.6,0.0006441833860869
2024-07-05,24213.35,24363.0,24168.85,24323.85,298381204.0,32052.48,0.0008925266910921
2024-07-08,24329.45,24344.6,24240.55,24320.55,266299131.0,26356.03,-0.0001356785161318
2024-07-09,24351.0,24443.6,24331.9,24433.2,250537091.0,29361.08,0.0046211912098586
2024-07-10,24459.85,24461.05,24141.8,24324.45,292263786.0,35358.54,-0.0044608458502798
2024-07-11,24396.55,24402.65,24193.75,24315.95,306404194.0,32115.44,-0.000349503708297
2024-07-12,24387.95,24592.2,24331.15,24502.15,325823474.0,39565.33,0.0076283551773595
2024-07-15,24587.6,24635.05,24522.75,24586.7,305395934.0,31593.04,0.0034447775252144
2024-07-16,24615.9,24661.25,24587.65,24613.0,283212233.0,28668.71,0.0010691123118667
2024-07-18,24543.8,24837.75,24504.45,24800.85,350924425.0,40477.17,0.0076031681375885
2024-07-19,24853.8,24854.8,24508.15,24530.9,343772965.0,33588.08,-0.0109443794121616
2024-07-22,24445.75,24595.2,24362.3,24509.25,324190553.0,32496.23,-0.0008829500483391
2024-07-23,24568.9,24582.55,24074.2,24479.05,436408768.0,44921.42,-0.0012329476150728
2024-07-24,24444.95,24504.25,24307.25,24413.5,366616574.0,39538.11,-0.0026813917161045
2024-07-25,24230.95,24426.15,24210.8,24406.1,391821970.0,37853.62,-0.0003031569310963
2024-07-26,24423.35,24861.15,24410.9,24834.85,383826136.0,42118.36,0.0174148076236138
2024-07-29,24943.3,24999.75,24774.6,24836.1,354966070.0,37102.92,5.0331229834195685e-05
2024-07-30,24839.4,24971.75,24798.65,24857.3,384989431.0,37576.58,0.0008532320705021
2024-07-31,24886.7,24984.6,24856.5,24951.15,333646302.0,35411.32,0.003768441341371
2024-08-01,25030.95,25078.3,24956.4,25010.9,431313292.0,38822.9,0.0023918165281347
2024-08-02,24789.0,24851.9,24686.85,24717.7,345027881.0,35368.54,-0.0117921436582084
2024-08-05,24302.85,24350.05,23893.7,24055.6,486994718.0,45066.65,-0.0271517685099345
2024-08-06,24189.85,24382.6,23960.4,23992.55,312339387.0,31553.65,-0.0026244521876233
2024-08-07,24289.4,24337.7,24184.9,24297.5,317564429.0,29738.85,0.0126300989034359
2024-08-08,24248.55,24340.5,24079.7,24117.0,311875940.0,30858.18,-0.0074564783815551
2024-08-09,24386.85,24419.75,24311.2,24367.5,215129992.0,22339.19,0.0103332912152946
2024-08-12,24320.05,24472.8,24212.1,24347.0,279925100.0,30311.85,-0.0008416385761983
2024-08-13,24342.35,24359.95,24116.5,24139.0,239727640.0,25459.58,-0.0085798488623965
2024-08-14,24184.4,24196.5,24099.7,24143.75,303254705.0,27834.61,0.0001967576418212
2024-08-16,24334.85,24563.9,24204.5,24541.15,271611087.0,28521.9,0.0163257530179979
2024-08-19,24636.35,24638.8,24522.95,24572.65,243645503.0,22124.41,0.0012827353745464
2024-08-20,24648.9,24734.3,24607.2,24698.85,238318940.0,25478.73,0.0051226480205889
2024-08-21,24680.55,24787.95,24654.5,24770.2,257114212.0,27404.63,0.0028846339064908
2024-08-22,24863.4,24867.35,24784.45,24811.5,220345125.0,24227.03,0.0016659376161698
2024-08-23,24845.4,24858.4,24771.65,24823.15,206800655.0,23134.22,0.0004694301345506
2024-08-26,24906.1,25043.8,24874.7,25010.6,210266456.0,22166.86,0.0075230495028018
2024-08-27,25024.8,25073.1,24973.65,25017.75,223346636.0,26695.0,0.00028583793184
2024-08-28,25030.8,25129.6,24964.65,25052.35,220419448.0,26994.19,0.0013820625685767
2024-08-29,25035.3,25192.9,24998.5,25151.95,353993900.0,43221.73,0.0039677928253165
2024-08-30,25249.7,25268.35,25199.4,25235.9,638166179.0,89554.91,0.0033321555762569
2024-09-02,25333.6,25333.65,25235.5,25278.7,222815249.0,28187.71,0.0016945599981708
2024-09-03,25313.4,25321.7,25235.8,25279.85,212131921.0,27276.14,4.549181098726592e-05
2024-09-04,25089.95,25216.0,25083.8,25198.7,253788501.0,26293.35,-0.0032152298316295
2024-09-05,25250.5,25275.45,25127.75,25145.1,222242223.0,26272.38,-0.0021293593353156
2024-09-06,25093.7,25168.75,24801.3,24852.15,311671856.0,33001.17,-0.0117187786350408
2024-09-09,24823.4,24957.5,24753.15,24936.4,254367252.0,25180.28,0.003384315486743
2024-09-10,24999.4,25130.5,24896.8,25041.1,251274802.0,27846.31,0.0041898915779699
2024-09-11,25034.0,25113.7,24885.15,24918.45,279229206.0,29395.73,-0.0049099820315822
2024-09-12,25059.65,25433.35,24941.45,25388.9,380069653.0,41747.91,0.0187035776868117
2024-09-13,25430.45,25430.5,25292.45,25356.5,250781898.0,25530.69,-0.0012769632085949
2024-09-16,25406.65,25445.7,25336.2,25383.75,168694880.0,18705.01,0.001074098082679
2024-09-17,25416.9,25441.65,25352.25,25418.55,215956868.0,25280.83,0.0013700169261289
2024-09-18,25402.4,25482.2,25285.55,25377.55,215727159.0,28832.0,-0.0016142975111744
2024-09-19,25487.05,25611.95,25376.05,25415.8,314461263.0,34389.27,0.0015061029536485
2024-09-20,25525.95,25849.25,25426.6,25790.95,533067422.0,68915.27,0.0146526273203711
2024-09-23,25872.55,25956.0,25847.35,25939.05,209187756.0,24825.74,0.0057259000437972
2024-09-24,25921.45,26011.55,25886.85,25940.4,384115033.0,35573.63,5.204372830882163e-05
2024-09-25,25899.45,26032.8,25871.35,26004.15,278540972.0,27868.08,0.0024545416990469
2024-09-26,26005.4,26250.9,25998.4,26216.05,370895477.0,40838.36,0.008115677958002
2024-09-27,26248.25,26277.35,26151.4,26178.95,490332370.0,55420.63,-0.0014161659013423
2024-09-30,26061.3,26134.7,25794.1,25810.85,375370974.0,36028.06,-0.0141607065656164
2024-10-01,25788.45,25907.6,25739.2,25796.9,247423786.0,27473.29,-0.0005406164903432
2024-10-03,25452.85,25639.45,25230.3,25250.1,423395030.0,45689.5,-0.0214242135600511
2024-10-04,25181.9,25485.05,24966.8,25014.6,374914801.0,42719.71,-0.0093704617030021
2024-10-07,25084.1,25143.0,24694.35,24795.75,374345795.0,40550.24,-0.0087873868890513
2024-10-08,24832.2,25044.0,24756.8,25013.15,333220055.0,33493.36,0.0087294190611797
2024-10-09,25065.8,25234.05,24947.7,24981.95,290562844.0,30877.63,-0.001248122478015
2024-10-10,25067.05,25134.05,24979.4,24998.45,261364749.0,28046.45,0.0006602588454441
2024-10-11,24985.3,25028.65,24920.05,24964.25,210462717.0,21734.97,-0.0013690215037028
2024-10-14,25023.45,25159.75,25017.5,25127.95,206423311.0,21270.9,0.0065359709797854
2024-10-15,25186.3,25212.05,25008.15,25057.35,257228772.0,29113.88,-0.0028135747549046
2024-10-16,25008.55,25093.4,24908.45,24971.3,226774456.0,24115.83,-0.0034400322558512
2024-10-17,25027.4,25029.5,24728.9,24749.85,252755662.0,32606.34,-0.008907737021175
2024-10-18,24664.95,24886.2,24567.65,24854.05,290855392.0,31772.76,0.0042012887401181
2024-10-21,24956.15,24978.3,24679.6,24781.1,241978957.0,32207.22,-0.002939451277019
2024-10-22,24798.65,24882.0,24445.8,24472.1,279484697.0,32801.59,-0.0125475727104054
2024-10-23,24378.15,24604.25,24378.1,24435.5,284556771.0,31928.1,-0.0014967001787999
2024-10-24,24412.7,24480.65,24341.2,24399.4,216686434.0,27817.66,-0.0014784511312879
2024-10-25,24418.05,24440.25,24073.9,24180.8,372642214.0,37068.91,-0.0089996119991596
2024-10-28,24251.1,24492.6,24134.9,24339.15,278562235.0,28136.06,0.0065272351766822
2024-10-29,24328.85,24484.5,24140.85,24466.85,332044690.0,35579.48,0.005232975101896
2024-10-30,24371.45,24498.2,24307.3,24340.85,285196335.0,31068.7,-0.0051631312234782
2024-10-31,24349.85,24372.45,24172.6,24205.35,287007588.0,33403.89,-0.0055823257793529
2024-11-01,24302.75,24368.25,24280.2,24304.35,38811387.0,3348.45,0.0040816635619174
2024-11-04,24315.75,24316.75,23816.15,23995.35,285531635.0,31561.52,-0.012795285095394
2024-11-05,23916.5,24229.05,23842.75,24213.3,289511197.0,30074.77,0.0090420073960085
2024-11-06,24308.75,24537.6,24204.05,24484.05,351082031.0,34108.84,0.0111198161647154
2024-11-07,24489.6,24503.35,24179.05,24199.35,322185588.0,30971.89,-0.0116961118389281
2024-11-08,24207.7,24276.15,24066.65,24148.2,298725122.0,27670.3,-0.002115930138503
2024-11-11,24087.25,24336.8,24004.6,24141.3,273370562.0,26600.28,-0.000285776412966
2024-11-12,24225.8,24242.0,23839.15,23883.45,255825829.0,26852.73,-0.0107383162952326
2024-11-13,23822.45,23873.6,23509.6,23559.05,304569316.0,27765.81,-0.0136757150613201
2024-11-14,23542.15,23675.9,23484.15,23532.7,257708474.0,24814.37,-0.0011190921021192
2024-11-18,23605.3,23606.8,23350.4,23453.8,263311912.0,25257.33,-0.0033584146152224
2024-11-19,23529.55,23780.65,23464.8,23518.5,297477279.0,30486.78,0.0027548168140559
2024-11-21,23488.45,23507.3,23263.15,23349.9,420332354.0,40900.89,-0.0071946440359882
2024-11-22,23411.8,23956.1,23359.0,23907.25,367562789.0,39257.52,0.0235890587668263
2024-11-25,24253.55,24351.55,24135.45,24221.9,687172787.0,85975.81,0.0130754223947776
2024-11-26,24343.3,24343.3,24125.4,24194.5,230691771.0,24140.67,-0.0011318480070857
2024-11-27,24204.8,24354.55,24145.65,24274.9,295011445.0,31149.09,0.003317560099426
2024-11-28,24274.15,24345.75,23873.35,23914.15,366745300.0,41198.27,-0.0149725607503439
2024-11-29,23927.15,24188.45,23927.15,24131.1,282104071.0,30509.98,0.0090311310507838
2024-12-02,24140.85,24301.7,24008.65,24276.05,220384187.0,23162.75,0.0059888026140021
2024-12-03,24367.5,24481.35,24280.0,24457.15,339470947.0,34228.3,0.0074323390894845
2024-12-04,24488.75,24573.2,24366.3,24467.45,348003156.0,34639.78,0.0004210560802611
2024-12-05,24539.15,24857.75,24295.55,24708.4,361469920.0,40471.33,0.0097996040025433
2024-12-06,24729.45,24751.05,24620.5,24677.8,226731303.0,23904.13,-0.0012392127321359
2024-12-09,24633.9,24705.0,24580.05,24619.0,248139308.0,25099.79,-0.0023855515118706
2024-12-10,24652.65,24677.8,24510.65,24610.05,261048951.0,26093.38,-0.0003636064518249
2024-12-11,24620.5,24691.75,24583.85,24641.8,187252712.0,21592.23,0.0012892918498735
2024-12-12,24604.45,24675.25,24527.95,24548.7,266051129.0,28235.17,-0.0037852882635684
2024-12-13,24498.35,24792.3,24180.8,24768.3,310080852.0,30429.73,0.0089057100554239
2024-12-16,24753.4,24781.25,24601.75,24668.25,187551629.0,18608.23,-0.0040476180718514
2024-12-17,24584.8,24624.1,24303.45,24336.0,264881033.0,26765.16,-0.0135602561482743
2024-12-18,24297.95,24394.45,24149.85,24198.85,235346534.0,23315.92,-0.0056516241445957
2024-12-19,23877.15,24004.9,23870.3,23951.7,271128027.0,27815.23,-0.010265808823608
2024-12-20,23960.7,24065.8,23537.35,23587.5,442714411.0,47084.68,-0.0153223918540647
2024-12-23,23738.2,23869.55,23647.2,23753.45,189758237.0,18243.28,0.0070108723942055
2024-12-24,23769.1,23867.65,23685.15,23727.65,177664746.0,16010.71,-0.0010867483078192
2024-12-26,23775.8,23854.5,23653.6,23750.2,177681783.0,16695.1,0.0009499167167701
2024-12-27,23801.4,23938.85,23800.6,23813.4,176821521.0,17164.99,0.0026574959504618
2024-12-30,23796.9,23915.35,23599.3,23644.9,364929453.0,33823.95,-0.0071010005853283
2024-12-31,23560.6,23689.85,23460.45,23644.8,193627727.0,18646.79,-4.229250767129392e-06
2025-01-01,23637.65,23822.8,23562.8,23742.9,154921938.0,14266.26,0.0041403208063656
2025-01-02,23783.0,24226.7,23751.55,24188.65,283200811.0,32237.25,0.0185999764608437
2025-01-03,24196.4,24196.45,23976.0,24004.75,312279515.0,29411.99,-0.0076317874477081
2025-01-06,24045.8,24089.95,23551.9,23616.05,278061806.0,25853.64,-0.0163251618071998
2025-01-07,23679.9,23795.2,23637.8,23707.9,262337253.0,22485.65,0.003881760306713
2025-01-08,23746.65,23751.85,23496.15,23688.95,266375381.0,24718.54,-0.0007996312417274
2025-01-09,23674.75,23689.5,23503.05,23526.5,269239831.0,26793.85,-0.0068812492953755
2025-01-10,23551.9,23596.6,23344.35,23431.5,261022434.0,25017.6,-0.0040461744370668
2025-01-13,23195.4,23340.95,23047.25,23085.95,316481107.0,26890.37,-0.0148570635814404
2025-01-14,23165.9,23264.95,23134.15,23176.05,311235510.0,31174.05,0.0038952104933376
2025-01-15,23250.45,23293.65,23146.45,23213.2,228039156.0,21587.78,0.0016016645210618
2025-01-16,23377.25,23391.65,23272.05,23311.8,299416081.0,29784.82,0.0042385877535739
2025-01-17,23277.1,23292.1,23100.35,23203.2,272945267.0,27040.78,-0.0046694699484325
2025-01-20,23290.4,23391.1,23170.65,23344.75,301455455.0,27333.97,0.0060819192391741
2025-01-21,23421.65,23426.3,22976.85,23024.65,312871897.0,30106.72,-0.0138067382770955
2025-01-22,23099.15,23169.55,22981.3,23155.35,275951918.0,25462.05,0.0056604741870661
2025-01-23,23128.3,23270.8,23090.65,23205.35,275558357.0,27723.78,0.0021570001913706
2025-01-24,23183.9,23347.3,23050.0,23092.2,264336332.0,24412.46,-0.0048879573663295
2025-01-27,22940.15,23007.45,22786.9,22829.15,257372790.0,24202.41,-0.0114566700333941
2025-01-28,22960.45,23137.95,22857.65,22957.25,361868609.0,33221.8,0.005595562622853
2025-01-29,23026.75,23183.35,22976.5,23163.1,251208119.0,22307.38,0.0089267044567532
2025-01-30,23169.5,23322.05,23139.2,23249.5,384687127.0,35252.87,0.003723131210243
2025-01-31,23296.75,23546.8,23277.4,23508.4,326919177.0,28638.01,0.0110741776639556
2025-02-01,23528.6,23632.45,23318.3,23482.15,287703637.0,25741.04,-0.0011172460305538
2025-02-03,23319.35,23381.6,23222.0,23361.05,347241171.0,32019.13,-0.0051704524791751
2025-02-04,23509.9,23762.75,23423.15,23739.25,376742506.0,35974.3,0.0160596908531042
2025-02-05,23801.75,23807.3,23680.45,23696.3,267014345.0,25806.44,-0.0018108786231885
2025-02-06,23761.95,23773.55,23556.25,23603.35,306978683.0,30885.59,-0.0039302666996406
2025-02-07,23649.5,23694.5,23443.2,23559.95,368092482.0,30042.0,-0.0018404145702315
2025-02-10,23543.8,23568.6,23316.3,23381.6,225529166.0,21254.72,-0.0075988482782103
2025-02-11,23383.55,23390.05,22986.65,23071.8,267969979.0,27191.96,-0.0133382957128205
2025-02-12,23050.8,23144.7,22798.35,23045.25,279656513.0,26989.94,-0.0011514180951839
2025-02-13,23055.75,23235.5,22992.2,23031.4,265706855.0,25218.86,-0.0006011721953363
2025-02-14,23096.45,23133.7,22774.85,22929.25,254479643.0,22049.89,-0.0044451141660866
2025-02-17,22809.9,22974.2,22725.45,22959.5,207393944.0,19809.44,0.0013184061183492
2025-02-18,22963.65,22992.5,22801.5,22945.3,210616675.0,19431.37,-0.0006186717054829
2025-02-19,22847.25,23049.95,22814.85,22932.9,206999204.0,19817.93,-0.0005405617614442
2025-02-20,22821.1,22923.85,22812.75,22913.15,240836647.0,21303.88,-0.0008615791860687
2025-02-21,22857.2,22921.0,22720.3,22795.9,242753984.0,21994.37,-0.0051302863291465
2025-02-24,22609.35,22668.05,22518.8,22553.35,214317552.0,20772.95,-0.010697081555374
2025-02-25,22516.45,22625.3,22513.9,22547.55,250279519.0,24917.83,-0.0002572010772278
2025-02-27,22568.95,22613.3,22508.4,22545.05,289230479.0,29775.64,-0.0001108829387776
2025-02-28,22433.4,22450.35,22104.85,22124.7,551285287.0,52745.2,-0.0188208981772061
2025-03-03,22194.55,22261.55,22004.7,22119.3,282399735.0,25942.05,-0.0002441008962487
2025-03-04,21974.45,22105.05,21964.6,22082.65,253260641.0,22979.56,-0.0016582982605433
2025-03-05,22073.05,22394.9,22067.8,22337.3,305942691.0,26371.61,0.0114656945687828
2025-03-06,22476.35,22556.45,22245.85,22544.7,372083680.0,30550.28,0.0092420781725971
2025-03-07,22508.65,22633.8,22464.75,22552.5,289765795.0,21446.95,0.0003459194840379
2025-03-10,22521.85,22676.75,22429.05,22460.3,293855491.0,22330.86,-0.0040966182483126
2025-03-11,22345.95,22522.1,22314.7,22497.9,347924102.0,29208.22,0.0016726652208703
2025-03-12,22536.35,22577.4,22329.55,22470.5,369736725.0,33406.41,-0.0012186336801356
2025-03-13,22541.5,22558.05,22377.35,22397.2,287535243.0,22855.58,-0.0032673867932358
2025-03-17,22353.15,22577.0,22353.15,22508.75,251102239.0,24122.27,0.004968171453735
2025-03-18,22662.25,22857.8,22599.2,22834.3,272578844.0,26387.47,0.0143596689687817
2025-03-19,22874.95,22940.7,22807.95,22907.6,323992121.0,26994.95,0.0032049417598595
2025-03-20,23036.6,23216.7,22973.95,23190.65,313729818.0,27573.99,0.0122804469673906
2025-03-21,23168.25,23402.7,23132.8,23350.4,540966316.0,51005.67,0.0068649343915537
2025-03-24,23515.4,23708.75,23433.5,23658.35,311900413.0,28871.35,0.013102003574919
2025-03-25,23751.5,23869.6,23601.4,23668.65,338216746.0,35415.03,0.0004352695147642
2025-03-26,23700.95,23736.5,23451.7,23486.85,278590831.0,26877.28,-0.0077106976170416
2025-03-27,23433.95,23646.45,23412.2,23591.95,510302142.0,46481.84,0.0044648620864278
2025-03-28,23600.4,23649.2,23450.2,23519.35,387455531.0,29156.37,-0.003082065554112
2025-04-01,23341.1,23565.15,23136.4,23165.7,375118343.0,30680.7,-0.0151507501807693
2025-04-02,23192.6,23350.0,23158.45,23332.35,340970371.0,24334.3,0.0071680732227189
2025-04-03,23150.3,23306.5,23145.8,23250.1,283196379.0,23501.33,-0.0035313765366867
2025-04-04,23190.4,23214.7,22857.45,22904.45,466776198.0,33761.96,-0.0149782182733822
2025-04-07,21758.4,22254.0,21743.65,22161.6,647107618.0,49172.14,-0.0329701533873052
2025-04-08,22446.75,22697.2,22270.85,22535.85,468250807.0,37226.82,0.0167463130961835
2025-04-09,22460.3,22468.7,22353.25,22399.15,383822618.0,28996.55,-0.0060843628224417
2025-04-11,22695.4,22923.9,22695.4,22828.55,402162001.0,33683.6,0.0189889338906399
2025-04-15,23368.35,23368.35,23207.0,23328.55,388321931.0,34216.17,0.0216659867627985
2025-04-16,23344.1,23452.2,23273.05,23437.2,348424960.0,28102.36,0.0046465712828317
2025-04-17,23401.85,23872.35,23298.55,23851.65,505333905.0,38450.09,0.0175288936825873
2025-04-21,23949.15,24189.55,23903.65,24125.55,406145632.0,33125.62,0.0114180475613457
2025-04-22,24185.4,24242.6,24072.0,24167.25,440940490.0,35479.29,0.0017269659395967
2025-04-23,24357.6,24359.3,24119.95,24328.95,415042544.0,34527.08,0.0066685884351257
2025-04-24,24277.9,24347.85,24216.15,24246.7,358768165.0,33057.29,-0.003386473618159
2025-04-25,24289.0,24365.45,23847.85,24039.35,387741866.0,33430.86,-0.0085884546172899
2025-04-28,24070.25,24355.1,24054.05,24328.5,320467976.0,28278.82,0.0119564315818014
2025-04-29,24370.7,24457.65,24290.75,24335.95,357563224.0,30436.88,0.0003061783317472
2025-04-30,24342.05,24396.15,24198.75,24334.2,424452559.0,41073.48,-7.191266107682891e-05
2025-05-02,24311.9,24589.15,24238.5,24346.7,421112627.0,34043.27,0.0005135484460936
2025-05-05,24419.5,24526.4,24400.65,24461.15,291471628.0,26918.36,0.0046898279589179
2025-05-06,24500.75,24509.65,24331.8,24379.6,302354059.0,26481.15,-0.0033394276617622
2025-05-07,24233.3,24449.6,24220.0,24414.4,330137191.0,27648.34,0.0014264051276974
2025-05-08,24431.5,24447.25,24150.2,24273.8,411362230.0,36893.06,-0.0057755427734603
2025-05-09,23935.75,24164.25,23935.75,24008.0,335550680.0,28942.61,-0.0110104712438077
2025-05-12,24420.1,24944.8,24378.85,24924.7,368707684.0,30362.27,0.0374721715290764
2025-05-13,24864.05,24973.8,24547.5,24578.35,422977876.0,34576.66,-0.0139933055285568
2025-05-14,24613.8,24767.55,24535.55,24666.9,345490805.0,25585.37,0.0035962898121936
2025-05-15,24694.45,25116.25,24494.45,25062.1,500821889.0,44147.39,0.0158944808888944
2025-05-16,25064.65,25070.0,24953.05,25019.8,432717092.0,43815.86,-0.0016892334379733
2025-05-19,25005.35,25062.95,24916.65,24945.45,255254340.0,21598.6,-0.0029760705641005
2025-05-20,24996.2,25010.35,24669.7,24683.9,414799113.0,31063.03,-0.010540231594245
2025-05-21,24744.25,24946.2,24685.35,24813.45,332724952.0,23179.85,0.0052346356247726
2025-05-22,24733.95,24737.5,24462.4,24609.7,403279638.0,30579.52,-0.0082451707060623
2025-05-23,24639.5,24909.05,24614.05,24853.15,270470348.0,20200.73,0.0098438309105117
2025-05-26,24919.35,25079.2,24900.5,25001.15,302799227.0,20060.68,0.0059373187376564
2025-05-27,24956.65,25062.9,24704.1,24826.2,525653668.0,33638.3,-0.0070222766786781
2025-05-28,24832.5,24864.25,24737.05,24752.45,684425321.0,37143.55,-0.0029750731170425
2025-05-29,24825.1,24892.6,24677.3,24833.6,345370611.0,29730.05,0.0032731009002705
2025-05-30,24812.6,24863.95,24717.4,24750.7,853890978.0,52247.87,-0.0033438034717525
2025-06-02,24669.7,24754.4,24526.15,24716.6,311100908.0,25091.04,-0.0013786887661705
2025-06-03,24786.3,24845.1,24502.15,24542.5,349288937.0,28906.4,-0.0070687740923206
2025-06-04,24560.45,24644.25,24530.45,24620.2,280862575.0,21907.07,0.003160935615621
2025-06-05,24691.2,24899.85,24613.1,24750.9,388405978.0,30186.46,0.0052946077897617
2025-06-06,24748.7,25029.5,24671.45,25003.05,335581057.0,30041.71,0.0101359654368839
2025-06-09,25160.1,25160.1,25077.15,25103.2,279219989.0,25606.21,0.0039975106246084
2025-06-10,25196.05,25199.3,25055.45,25104.25,307323471.0,28813.93,4.182646201529429e-05
2025-06-11,25134.15,25222.4,25081.3,25141.4,301245273.0,25871.18,0.0014787352445249
2025-06-12,25164.45,25196.2,24825.9,24888.2,328310748.0,29573.27,-0.0101220941936211
2025-06-13,24473.0,24754.35,24473.0,24718.6,318711364.0,24838.56,-0.006837798882833
2025-06-16,24732.35,24967.1,24703.6,24946.5,305813047.0,23857.15,0.0091775351146672
2025-06-17,24977.85,24982.05,24813.7,24853.4,242415740.0,21818.05,-0.0037389676871053
2025-06-18,24788.35,24947.55,24750.45,24812.05,237599011.0,22044.05,-0.0016651418462635
2025-06-19,24803.25,24863.1,24733.4,24793.25,274619935.0,23620.79,-0.0007579835582129
2025-06-20,24787.65,25136.2,24783.65,25112.4,574654035.0,55782.03,0.0127903093479017
2025-06-23,24939.75,25057.0,24824.85,24971.9,248534153.0,20797.88,-0.0056105553460306
2025-06-24,25179.9,25317.7,24999.7,25044.35,450185468.0,35508.9,0.0028970604822426
2025-06-25,25150.35,25266.8,25125.05,25244.75,260582584.0,22985.17,0.0079699601220659
2025-06-26,25268.95,25565.3,25259.9,25549.0,428891818.0,38689.39,0.0119799636297515
2025-06-27,25576.65,25654.2,25523.55,25637.8,563957748.0,47108.6,0.0034696479984903
2025-06-30,25661.65,25669.35,25473.3,25517.05,270981274.0,24673.48,-0.0047209687553906
2025-07-01,25551.35,25593.4,25501.8,25541.8,260669106.0,23921.02,0.0009694696194091
2025-07-02,25588.3,25608.1,25378.75,25453.4,309828013.0,26681.66,-0.0034669964446766
2025-07-03,25505.1,25587.5,25384.35,25405.3,293428797.0,24531.7,-0.0018915156833006
2025-07-04,25428.85,25470.25,25331.65,25461.0,193511595.0,19101.33,0.0021900559806014
2025-07-07,25450.45,25489.8,25407.25,25461.3,196051345.0,16923.26,1.1782657107136236e-05
2025-07-08,25427.85,25548.05,25424.15,25522.5,210410530.0,21947.32,0.0024007637482767
2025-07-09,25514.6,25548.7,25424.35,25476.1,239081546.0,20549.5,-0.0018196582966253
2025-07-10,25511.65,25524.05,25340.45,25355.25,219609322.0,21435.36,-0.0047549485778671
2025-07-11,25255.5,25322.45,25129.0,25149.85,249987681.0,26251.65,-0.0081338768732905
2025-07-14,25149.5,25151.1,25001.95,25082.3,259533624.0,23316.33,-0.0026895142142431
2025-07-15,25089.5,25245.2,25088.45,25195.8,241340130.0,23282.7,0.0045148958612713
2025-07-16,25196.6,25255.3,25121.05,25212.05,228815928.0,22254.54,0.0006447408712298
2025-07-17,25230.75,25238.35,25101.0,25111.45,243412540.0,24715.35,-0.0039981374112852
2025-07-18,25108.55,25144.6,24918.65,24968.4,316979826.0,26330.8,-0.0057128920738239
2025-07-21,24999.0,25111.4,24882.3,25090.7,305216414.0,26062.25,0.0048862342043243
2025-07-22,25166.65,25182.0,25035.55,25060.9,483725120.0,31248.06,-0.0011883969208231
2025-07-23,25139.35,25233.5,25085.5,25219.9,271539651.0,23042.49,0.006324502791954
2025-07-24,25243.3,25246.25,25018.7,25062.1,338728860.0,27433.34,-0.0062766205821811
2025-07-25,25010.35,25010.35,24806.35,24837.0,278136104.0,25273.64,-0.0090222680148949
2025-07-28,24782.45,24889.2,24646.6,24680.9,262142969.0,24976.54,-0.0063048116777717
2025-07-29,24609.65,24847.15,24598.6,24821.1,284657235.0,25954.42,0.005664432744894
2025-07-30,24890.4,24902.3,24771.95,24855.05,243886726.0,23525.25,0.0013668533203841
2025-07-31,24642.25,24956.5,24635.0,24768.35,346303628.0,30477.71,-0.0034943227678611
2025-08-01,24734.9,24784.15,24535.05,24565.35,263357194.0,24972.45,-0.0082297150116146
2025-08-04,24596.05,24736.25,24554.0,24722.75,259329477.0,20372.68,0.006386958924001
2025-08-05,24720.25,24733.1,24590.3,24649.55,251849778.0,23815.36,-0.0029652276128395
2025-08-06,24641.35,24671.4,24539.2,24574.2,225091071.0,20559.22,-0.003061532648549
2025-08-07,24464.2,24634.2,24344.15,24596.15,616739190.0,35574.59,0.0008928145298157
2025-08-08,24544.25,24585.5,24337.5,24363.3,312630157.0,38135.74,-0.0095120249782038
2025-08-11,24371.5,24600.85,24347.45,24585.05,241145497.0,21081.61,0.0090606329752241
2025-08-12,24563.35,24702.6,24465.65,24487.4,237002462.0,22258.29,-0.0039798350761185
2025-08-13,24586.2,24664.55,24535.25,24619.35,236006791.0,22843.14,0.0053740195618916
2025-08-14,24607.25,24673.65,24596.9,24631.3,270162203.0,22375.44,0.000485272792725
2025-08-18,24938.2,25022.0,24852.85,24876.95,363071305.0,37637.67,0.0099236800312108
2025-08-19,24891.35,25012.65,24873.95,24980.65,252340828.0,24781.97,0.0041598532435831
2025-08-20,24965.8,25088.7,24929.7,25050.55,287054119.0,25330.45,0.0027942582021172
2025-08-21,25142.0,25153.65,25054.9,25083.75,226542052.0,21865.07,0.0013244427409237
2025-08-22,25064.15,25084.85,24859.15,24870.1,210165384.0,19655.78,-0.0085539474026356
2025-08-25,24949.15,25021.55,24894.35,24967.75,213032133.0,19871.25,0.00391871338599
2025-08-26,24899.5,24919.65,24689.6,24712.05,750473927.0,47068.2,-0.0102940131791969
2025-08-28,24695.8,24702.65,24481.6,24500.9,326601486.0,29371.67,-0.0085811273528911
2025-08-29,24466.7,24572.45,24404.7,24426.85,325543583.0,26796.69,-0.0030269144417419
2025-09-01,24432.7,24635.6,24432.7,24625.05,229327424.0,20704.88,0.0080812803848293
2025-09-02,24653.0,24756.1,24522.35,24579.6,271558516.0,22051.8,-0.0018473869004707
2025-09-03,24616.5,24737.05,24533.2,24715.05,340283328.0,23533.08,0.0054955392073203
2025-09-04,24980.75,24980.75,24708.2,24734.3,314094160.0,30252.19,0.0007785744796407
2025-09-05,24818.85,24832.35,24621.6,24741.0,210071924.0,18530.24,0.0002708422198937
2025-09-08,24802.6,24885.5,24751.55,24773.15,213228202.0,20122.88,0.0012986188601915
2025-09-09,24864.1,24891.8,24814.0,24868.6,226919775.0,22356.88,0.0038455581291435
2025-09-10,24991.0,25035.7,24915.05,24973.1,244146466.0,22458.98,0.0041932820559463
2025-09-11,24945.5,25037.3,24940.15,25005.5,224570983.0,21316.72,0.0012965551071398
2025-09-12,25074.45,25139.45,25038.05,25114.0,225739766.0,21335.67,0.0043296588950226
2025-09-15,25118.9,25138.45,25048.75,25069.2,185375759.0,17115.6,-0.0017854585559052
2025-09-16,25073.6,25261.4,25070.45,25239.1,240122320.0,22642.86,0.0067543783401827
2025-09-17,25276.6,25346.5,25275.35,25330.25,268936695.0,23484.12,0.0036049543335288
2025-09-18,25441.05,25448.55,25329.75,25423.6,272193683.0,24198.11,0.0036785428205012
2025-09-19,25410.2,25431.4,25286.3,25327.05,380362832.0,38805.58,-0.0038048819662613
2025-09-22,25238.1,25331.7,25151.05,25202.35,254509892.0,25277.82,-0.0049357504010677
2025-09-23,25209.0,25261.9,25084.65,25169.5,299204338.0,31435.17,-0.0013043001063899
2025-09-24,25108.75,25149.85,25027.45,25056.9,244382281.0,22310.05,-0.0044837053278292
2025-09-25,25034.5,25092.7,24878.3,24890.85,342534768.0,32715.91,-0.0066489726459885
2025-09-26,24818.55,24868.6,24629.45,24654.7,291537949.0,29987.93,-0.0095327143727411
2025-09-29,24728.55,24791.3,24606.2,24634.9,394388242.0,40004.93,-0.0008034149623869
2025-09-30,24691.95,24731.8,24587.7,24611.1,304924720.0,29285.11,-0.0009665760408142
2025-10-01,24620.55,24867.95,24605.95,24836.3,308135228.0,29041.17,0.0091087319879058
2025-10-03,24759.55,24904.8,24747.55,24894.25,366929642.0,31409.06,0.0023305604393949
2025-10-06,24916.55,25095.95,24881.65,25077.65,271953070.0,25160.76,0.0073401581061951
2025-10-07,25085.3,25220.9,25076.3,25108.3,286833765.0,26176.23,0.0012214575517932
2025-10-08,25079.75,25192.5,25008.5,25046.15,225967495.0,21701.19,-0.0024783456627061
2025-10-09,25074.3,25199.25,25024.3,25181.8,286253252.0,22617.86,0.0054013882628633
2025-10-10,25167.65,25330.75,25156.85,25285.35,232943306.0,21749.23,0.0041036652680295
2025-10-13,25177.3,25267.3,25152.3,25227.35,234285202.0,20806.83,-0.0022964531885856
2025-10-14,25277.55,25310.35,25060.55,25145.5,292129083.0,24151.97,-0.0032497693513395
2025-10-15,25181.95,25365.15,25159.35,25323.55,289930172.0,25202.02,0.007055838724218
2025-10-16,25394.9,25625.4,25376.85,25585.3,372777021.0,32008.64,0.0102831749894223
2025-10-17,25546.85,25781.5,25508.6,25709.85,422055809.0,35106.96,0.0048562191462695
2025-10-20,25824.6,25926.2,25788.5,25843.15,301133193.0,29637.12,0.0051713885544162
2025-10-21,25901.2,25934.35,25825.8,25868.6,42477128.0,3831.1,0.0009843024865632
2025-10-23,26057.2,26104.2,25862.45,25891.4,448404894.0,41777.68,0.0008809892378157
2025-10-24,25935.1,25944.15,25718.2,25795.15,284913477.0,23527.98,-0.0037243774737084
2025-10-27,25843.2,26005.95,25827.0,25966.05,266337274.0,23989.06,0.0066034257710688
2025-10-28,25939.95,26041.7,25810.05,25936.2,395231207.0,37023.32,-0.0011502392783005
2025-10-29,25982.0,26097.85,25960.3,26053.9,321880610.0,26309.32,0.0045277928328536
2025-10-30,25984.4,26032.05,25845.25,25877.85,257373001.0,24180.46,-0.0067800786382074
2025-10-31,25863.8,25953.75,25711.2,25722.1,334384400.0,28788.4,-0.0060368458886522
2025-11-03,25696.85,25803.1,25645.5,25763.35,275858501.0,23949.88,0.0016023948057699
2025-11-04,25744.75,25787.4,25578.4,25597.65,305143084.0,29307.41,-0.0064523889677539
2025-11-06,25593.35,25679.15,25491.55,25509.7,371852417.0,36129.62,-0.0034417784064369
2025-11-07,25433.8,25551.25,25318.45,25492.3,305606393.0,35487.0,-0.0006823262097594
2025-11-10,25503.5,25653.45,25503.5,25574.35,243592948.0,25023.65,0.0032134502892125
2025-11-11,25617.0,25715.8,25449.25,25694.95,297714069.0,28285.51,0.0047045784684853
2025-11-12,25834.3,25934.55,25781.15,25875.8,343864299.0,30633.19,0.0070136944435542
2025-11-13,25906.1,26010.7,25808.4,25879.15,385170023.0,30145.74,0.0001294562164461
2025-11-14,25767.9,25940.2,25740.8,25910.05,518943416.0,33121.81,0.0011932991305794
2025-11-17,25948.2,26024.2,25906.35,26013.45,264610565.0,23384.35,0.0039827876272855
2025-11-18,26021.8,26029.85,25876.5,25910.05,280000989.0,26059.6,-0.0039827876272854
2025-11-19,25918.1,26074.65,25856.2,26052.65,250110008.0,24496.86,0.0054885661436996
2025-11-20,26132.1,26246.65,26063.2,26192.15,240425729.0,25000.17,0.0053402570791968
2025-11-21,26109.55,26179.2,26052.2,26068.15,235581427.0,24720.07,-0.0047454849169532
2025-11-24,26122.8,26142.8,25912.15,25959.5,464655063.0,44895.45,-0.0041766313851615
2025-11-25,25998.5,26032.6,25857.5,25884.8,260454909.0,25320.15,-0.0028817074082925
2025-11-26,25842.95,26215.15,25842.95,26205.3,275265169.0,31666.03,0.0123057565440119
2025-11-27,26261.25,26310.45,26141.9,26215.55,240287057.0,25306.47,0.0003910657736617
2025-11-28,26237.45,26280.75,26172.4,26202.95,202511545.0,20525.36,-0.0004807463106602
2025-12-01,26325.8,26325.8,26124.2,26175.75,213828573.0,21734.75,-0.0010385902072783
2025-12-02,26087.95,26154.6,25997.85,26032.2,254803113.0,26298.82,-0.005499176342188
2025-12-03,26004.9,26066.45,25891.0,25986.0,265660108.0,25320.85,-0.001776301838499
2025-12-04,25981.85,26098.25,25938.95,26033.75,248099545.0,26377.76,0.0018358417105443
2025-12-05,25999.8,26202.6,25985.35,26186.45,249254405.0,27491.07,0.005848328242029
2025-12-08,26159.8,26178.7,25892.25,25960.55,320729920.0,31677.57,-0.0086640233609803
2025-12-09,25867.1,25923.65,25728.0,25839.65,275978160.0,29894.41,-0.0046679441211103
2025-12-10,25864.05,25947.65,25734.55,25758.0,207944446.0,21975.7,-0.0031648754605488
2025-12-11,25771.4,25922.8,25693.25,25898.55,206099631.0,20145.19,0.0054417241118352
2025-12-12,25971.2,26057.6,25938.45,26046.95,216344338.0,19484.07,0.0057136962287779
2025-12-15,25930.05,26047.15,25904.75,26027.3,181557703.0,17444.03,-0.0007546916540384
2025-12-16,25951.5,25980.75,25834.35,25860.1,264351195.0,23554.69,-0.006444746844794
2025-12-17,25902.4,25929.15,25770.35,25818.55,206521258.0,19787.57,-0.0016080144877245
2025-12-18,25764.7,25902.35,25726.3,25815.55,197553755.0,20046.07,-0.000116202277308
2025-12-19,25911.5,25993.35,25880.45,25966.4,382927284.0,36600.58,0.0058263710322537
2025-12-22,26055.85,26180.7,26047.8,26172.4,252990050.0,25333.26,0.0079020258203139
2025-12-23,26205.2,26233.55,26119.05,26177.15,216553840.0,19670.5,0.0001814724295829
2025-12-24,26170.65,26236.4,26123.0,26142.1,188846828.0,17474.44,-0.0013398512113031
2025-12-26,26121.25,26144.2,26008.6,26042.3,142243763.0,12263.06,-0.0038249025253447
2025-12-29,26063.35,26106.8,25920.3,25942.1,234312888.0,18184.45,-0.0038550074287673
2025-12-30,25940.9,25976.75,25878.0,25938.85,396893959.0,39492.31,-0.0001252868347341
2025-12-31,25971.05,26187.95,25969.0,26129.6,246314941.0,20703.99,0.0073269265111137
2026-01-01,26173.3,26197.55,26113.4,26146.55,425631910.0,23454.66,0.0006484793005603
2026-01-02,26155.1,26340.0,26118.4,26328.55,357547806.0,23770.13,0.006936651088835
2026-01-05,26333.7,26373.2,26210.05,26250.3,338777649.0,25742.83,-0.0029764841859812
2026-01-06,26189.7,26273.95,26124.75,26178.7,383040203.0,34567.52,-0.0027313145210397
2026-01-07,26143.1,26187.15,26067.9,26140.75,338216740.0,30232.63,-0.001450703577947
2026-01-08,26106.5,26133.2,25858.45,25876.85,328520950.0,27556.32,-0.0101466528305251
2026-01-09,25840.4,25940.6,25623.0,25683.3,348757262.0,27486.64,-0.0075077713756043
2026-01-12,25669.05,25813.15,25473.4,25790.25,275757268.0,23874.45,0.0041555382873515
2026-01-13,25897.35,25899.8,25603.3,25732.3,339536336.0,31434.03,-0.0022495014100358
2026-01-14,25648.55,25791.75,25603.95,25665.6,393126596.0,28944.88,-0.0025954382355152
2026-01-16,25696.05,25873.5,25662.4,25694.35,434041776.0,37156.05,0.0011195494934444
2026-01-19,25653.1,25653.3,25494.35,25585.5,443087953.0,33632.38,-0.0042453386069838
2026-01-20,25580.3,25585.0,25171.35,25232.5,409772324.0,31020.36,-0.0138929386360228
2026-01-21,25141.0,25300.95,24919.8,25157.5,395624981.0,30984.61,-0.0029767833055262
2026-01-22,25344.15,25435.75,25168.5,25289.9,486395433.0,34583.24,0.005249043716637
2026-01-23,25344.6,25347.95,25025.3,25048.65,393944908.0,31844.65,-0.0095851726789208
2026-01-27,25063.35,25246.65,24932.55,25175.4,618696080.0,50989.25,0.0050473933938835
2026-01-28,25258.85,25372.1,25187.65,25342.75,574903942.0,42364.52,0.0066253658203434
2026-01-29,25345.0,25458.15,25159.8,25418.9,582389331.0,44306.95,0.0030002987343345
2026-01-30,25247.55,25370.7,25213.65,25320.65,508388604.0,40772.08,-0.0038727234591551
2026-02-01,25333.75,25440.9,24571.75,24825.45,379370206.0,25572.6,-0.0197509316973099
2026-02-02,24796.5,25108.1,24679.4,25088.4,449215604.0,34038.26,0.0105362512632824
2026-02-03,26308.05,26341.2,25641.3,25727.55,637263148.0,52338.39,0.0251568142535042
2026-02-04,25675.05,25818.55,25563.95,25776.0,429788986.0,36899.12,0.001881424262668
2026-02-05,25755.9,25757.65,25579.5,25642.8,343812628.0,28582.32,-0.0051809959763374
2026-02-06,25605.8,25703.95,25491.9,25693.7,375476124.0,29777.45,0.0019829952053364
2026-02-09,25888.7,25922.25,25780.9,25867.3,359386006.0,28449.55,0.0067337970937869
2026-02-10,25922.65,25989.45,25870.45,25935.15,460878237.0,32795.1,0.0026195687192277
2026-02-11,25997.45,26009.4,25899.8,25953.85,331389240.0,31456.05,0.0007207693657447
2026-02-12,25906.7,25906.7,25752.4,25807.2,419388014.0,38977.68,-0.0056664380800878
2026-02-13,25571.15,25630.35,25444.3,25471.1,453523192.0,40137.15,-0.0131090466391117
2026-02-16,25423.6,25697.0,25372.7,25682.75,325487729.0,22205.92,0.0082750841925694
2026-02-17,25637.95,25764.4,25570.3,25725.4,378436265.0,27818.81,0.0016592703602544
2026-02-18,25752.65,25828.05,25645.15,25819.35,400807585.0,22228.22,0.0036453801421163
2026-02-19,25873.35,25885.3,25388.75,25454.35,333658812.0,24756.87,-0.0142375590481475
2026-02-20,25406.55,25663.55,25379.75,25571.25,309373691.0,24024.7,0.0045820217508651
2026-02-23,25678.4,25771.45,25609.35,25713.0,399135843.0,25494.64,0.00552802706402
2026-02-24,25641.8,25641.8,25327.6,25424.65,439068188.0,36735.38,-0.0112775247233514
2026-02-25,25512.6,25652.6,25428.2,25482.5,414215742.0,31084.17,0.0022727661989268
2026-02-26,25556.3,25572.95,25400.95,25496.55,405219244.0,33155.5,0.0005512068332278
2026-02-27,25459.85,25476.4,25141.3,25178.65,438924282.0,38634.68,-0.0125467356940869
2026-03-02,24659.25,24989.35,24603.5,24865.7,519228821.0,41306.37,-0.0125070694082176
2026-03-04,24388.8,24602.45,24305.4,24480.5,598993881.0,47700.19,-0.0156124615192116
2026-03-05,24615.95,24854.2,24529.4,24765.9,504339053.0,40011.88,0.011590824718863
2026-03-06,24656.4,24700.8,24415.75,24450.45,433408256.0,35453.32,-0.0128190863315171
2026-03-09,23868.05,24078.15,23697.8,24028.05,526901605.0,40569.31,-0.0174267227681283
2026-03-10,24280.8,24303.8,24079.95,24261.6,444283436.0,36657.53,0.0096729556344604
2026-03-11,24231.85,24299.0,23834.3,23866.85,407400643.0,32549.4,-0.0164043866925874
2026-03-12,23674.85,23833.15,23556.3,23639.15,501004098.0,40147.62,-0.0095862309485363
2026-03-13,23462.5,23492.4,23112.0,23151.1,519776752.0,40786.7,-0.0208619402826083
2026-03-16,23116.1,23502.0,22955.25,23408.8,540293230.0,44710.21,0.0110697244416478
2026-03-17,23493.2,23656.8,23346.6,23581.15,458788167.0,34495.73,0.0073356440204539
2026-03-18,23632.9,23862.25,23618.45,23777.8,382876401.0,28805.6,0.0083047082004444
2026-03-19,23197.75,23378.7,22930.35,23002.15,550147401.0,42000.27,-0.0331646824434356
2026-03-20,23110.15,23345.15,23067.6,23114.5,663289390.0,50308.33,0.0048724364094799
2026-03-23,22824.35,22851.7,22471.25,22512.65,550275334.0,41002.59,-0.0263827527857823
2026-03-24,22878.45,23057.3,22624.2,22912.4,538098322.0,43385.04,0.0176008752815064
2026-03-25,23064.4,23465.35,23063.2,23306.45,505418973.0,40733.98,0.0170518975708834
2026-03-27,23173.55,23186.1,22804.55,22819.6,612556883.0,47239.2,-0.0211103305007687
2026-03-30,22549.65,22714.1,22283.85,22331.4,698599891.0,53093.7,-0.0216260559849935
2026-04-01,22899.0,22941.3,22618.6,22679.4,517954448.0,41192.2,0.0154632636716318
2026-04-02,22383.4,22782.3,22182.55,22713.1,495121035.0,38669.56,0.0014848270613675
2026-04-06,22780.3,22998.35,22542.95,22968.25,426416812.0,35893.16,0.0111709769241618
2026-04-07,22838.7,23153.85,22719.3,23123.65,476981883.0,38940.47,0.0067430758473412
2026-04-08,23855.15,24025.15,23828.5,23997.35,639257993.0,56557.11,0.0370875042688833
2026-04-09,23909.05,23990.75,23682.8,23775.1,466587329.0,40443.59,-0.0093045930634583
2026-04-10,23880.55,24074.05,23856.35,24050.6,481302436.0,40109.22,0.0115211297440698
2026-04-13,23589.6,23907.4,23555.6,23842.65,488844789.0,41931.51,-0.0086839505278128
2026-04-15,24163.8,24280.9,24145.8,24231.3,460334041.0,38376.84,0.0161691921483867
2026-04-16,24385.2,24400.95,24102.8,24196.75,508017772.0,44634.35,-0.0014268592628351
2026-04-17,24165.9,24371.9,24096.05,24353.55,498625189.0,35373.29,0.0064593028333434
2026-04-20,24391.5,24480.65,24241.25,24364.85,415942883.0,35042.31,0.0004638904480705
2026-04-21,24374.55,24601.7,24354.9,24576.6,425826834.0,37315.7,0.0086532508250691
2026-04-22,24470.85,24515.95,24352.9,24378.1,440524292.0,38980.03,-0.0081095824452783
2026-04-23,24202.35,24310.2,24134.8,24173.05,467549860.0,39616.97,-0.0084468120391927
2026-04-24,24100.55,24206.0,23813.65,23897.95,438433486.0,36898.39,-0.0114456950451895
2026-04-27,23945.45,24130.7,23936.2,24092.7,430297937.0,36685.28,0.0081162088473576
2026-04-28,24049.9,24181.8,23957.05,23995.7,554134344.0,43390.29,-0.0040342424184259
2026-04-29,24096.9,24334.7,24059.95,24177.65,531122966.0,38035.47,0.007554005076118
2026-04-30,23996.95,24087.45,23796.85,23997.55,505520648.0,44420.83,-0.0074769109013782
2026-05-04,24063.55,24290.2,24004.75,24119.3,419069793.0,35790.21,0.0050606080752246
2026-05-05,24052.6,24081.7,23882.05,24032.8,363297728.0,33650.36,-0.00359278590325
2026-05-06,24171.0,24356.5,23997.9,24330.95,429190144.0,38826.87,0.0123296385021284
2026-05-07,24398.5,24482.1,24284.0,24326.65,440621691.0,39529.1,-0.0001767452571106
2026-05-08,24233.65,24253.8,24126.65,24176.15,335887188.0,31217.1,-0.0062058472092796
2026-05-11,23970.1,23997.45,23799.1,23815.85,390108343.0,37404.28,-0.015015284604692
2026-05-12,23722.6,23757.55,23348.4,23379.55,447518189.0,36200.59,-0.0184896167679287
2026-05-13,23362.45,23582.95,23262.55,23412.6,415359044.0,33693.48,0.0014126303448764
2026-05-14,23530.25,23777.2,23426.55,23689.6,428735424.0,38828.33,0.0117617942829193
2026-05-15,23731.4,23839.3,23610.3,23643.5,408864566.0,35052.32,-0.0019478975421618
2026-05-18,23482.2,23695.65,23317.1,23649.95,391968426.0,30029.02,0.0002727650463221
2026-05-19,23675.3,23782.3,23587.2,23618.0,441953184.0,39325.73,-0.0013518675917124
2026-05-20,23457.25,23690.9,23397.3,23659.0,344050591.0,26163.78,0.0017344590510618
2026-05-21,23830.05,23859.9,23596.6,23654.7,348183907.0,29930.79,-0.0001817655356414
2026-05-22,23671.2,23835.65,23671.0,23719.3,336108649.0,24993.16,0.0027272360383433
2026-05-25,23940.25,24054.45,23922.85,24031.7,351224048.0,27301.94,0.013084729415427
2026-05-26,24004.1,24089.8,23885.45,23913.7,387932940.0,29835.11,-0.0049222756823281
2026-05-27,23880.35,23983.2,23858.25,23907.15,531572650.0,34903.35,-0.0002739390889521
2026-05-29,23902.15,24002.8,23484.75,23547.75,1198023438.0,101439.0,-0.0151473028802176
2026-06-01,23654.5,23733.7,23357.95,23382.6,421691204.0,33843.74,-0.0070381184766963
2026-06-02,23229.15,23556.95,23229.15,23483.55,511852817.0,43063.5,0.0043080200156337
2026-06-03,23415.95,23459.65,23151.5,23405.6,450089851.0,36726.56,-0.0033248660643112
2026-06-04,23282.45,23465.3,23247.3,23416.55,412505524.0,32848.46,0.0004677273555198
2026-06-05,23478.95,23516.35,23282.65,23366.7,366208223.0,28432.83,-0.0021311054219877
2026-06-08,23080.7,23267.3,23070.15,23123.0,375730763.0,26550.42,-0.0104841387331101
2026-06-09,23259.05,23279.4,23104.45,23242.1,402552937.0,32911.17,0.0051374961753134
2026-06-10,23233.95,23425.35,23184.6,23214.95,380030627.0,31906.68,-0.001168821657462
2026-06-11,23104.4,23327.45,23072.05,23161.6,362996956.0,28529.75,-0.0023007327424504
2026-06-12,23412.55,23645.35,23313.9,23622.9,351944432.0,29593.12,0.0197208455928347
2026-06-15,23984.85,24011.4,23817.8,23853.9,398913735.0,34783.09,0.0097311454385957
2026-06-16,23923.9,24002.6,23888.2,23989.15,327307262.0,27953.23,0.0056539188154709
2026-06-17,24044.5,24108.2,23969.7,24085.7,352665809.0,26947.5,0.0040166585983226
2026-06-18,24073.8,24189.25,24036.95,24168.0,339988612.0,28654.85,0.003411140691915
2026-06-19,23991.2,24047.2,23901.9,24013.1,447858148.0,40191.19,-0.0064299293159206
2026-06-22,24106.6,24168.05,24073.15,24102.9,252821156.0,21763.92,0.0037326504390581
2026-06-23,24071.3,24135.5,23784.95,23824.1,340090069.0,28997.57,-0.0116344918267129
2026-06-24,23795.8,24090.05,23789.25,24021.65,395578738.0,31302.8,0.0082578336678394
2026-06-25,24125.85,24261.6,24039.0,24056.0,448752143.0,40015.4,0.001428938637593
2026-06-29,24061.75,24120.0,23924.55,23946.25,588498045.0,47361.14,-0.0045727102890541
2026-06-30,24032.05,24035.55,23829.2,23865.75,449044753.0,39507.02,-0.0033673586575118
2026-07-01,23897.65,24049.9,23895.1,24005.85,352148975.0,27760.09,0.0058531739060789
2026-07-02,24062.2,24194.55,24058.8,24175.7,372941283.0,30789.57,0.0070504458069889
2026-07-03,24375.65,24378.15,24252.35,24270.85,326634751.0,25955.73,0.0039280453342234
2026-07-06,24306.85,24458.65,24287.1,24430.35,329356507.0,24862.07,0.0065501700276348
2026-07-07,24464.45,24530.9,24348.95,24398.7,412624457.0,36436.58,-0.0012963596233162
2026-07-08,24259.55,24300.0,23805.2,23882.05,420531527.0,32939.28,-0.0214027214552712
2026-07-09,23928.95,24134.7,23925.7,23962.8,384795241.0,33799.64,0.0033754971192085
2026-07-10,24124.7,24228.45,24120.35,24206.9,313072212.0,24577.43,0.0101350886342603
2026-07-13,24039.4,24259.8,24000.2,24211.0,322678968.0,27998.31,0.0001693588532256
2026-07-14,24068.0,24157.1,24023.7,24052.05,355829008.0,31700.08,-0.0065868433383303
2026-07-15,24085.85,24220.35,24010.55,24078.5,306924577.0,26842.0,0.0010990941372017
2026-07-16,24142.1,24186.5,24050.0,24072.75,264271962.0,24244.17,-0.0002388307687685
2026-07-17,24127.6,24367.3,24099.05,24334.3,387772135.0,28825.71,0.0108063823458225
2026-07-20,24190.05,24266.1,24135.85,24238.5,353095939.0,31370.66,-0.0039445996203458
2026-07-21,24216.05,24262.2,24135.65,24187.7,315560285.0,28361.57,-0.0020980386086102
2026-07-22,24150.45,24166.3,23961.4,23996.25,304745142.0,25211.83,-0.0079466713500223
2026-07-23,23904.8,23990.75,23807.2,23869.6,344042832.0,28259.45,-0.0052918853654237
2026-07-24,23666.35,23823.6,23606.3,23767.45,333870912.0,28825.72,-0.0042886852384368
2026-07-27,23928.4,24011.6,23891.55,23995.95,319367545.0,25340.46,0.0095680685722803
2026-07-28,23971.25,24041.15,23954.6,23985.35,437827320.0,35846.87,-0.0004418388068871
2026-07-29,24176.65,24283.55,24136.75,24250.2,424150311.0,34189.33,0.0109816374709875
2026-07-30,24249.55,24342.95,24187.1,24317.15,400636260.0,33566.22,0.0027569979588118
2026-07-31,24361.45,24429.4,24299.7,24383.6,411693361.0,34459.53,0.0027289124392354
2026-08-03,24572.7,24774.3,24515.15,24774.3,342283085.0,27052.25,0.015896050358084
2026-08-04,24703.9,24703.9,24427.95,24614.9,296554546.0,26153.94,-0.0064548748898602
2026-08-05,24669.2,24677.6,24497.95,24624.65,355518193.0,31164.27,0.0003960231207404
2026-08-06,24641.0,24677.05,24604.15,24636.0,344001180.0,30115.41,0.0004608140656221
2026-08-07,24538.9,24630.4,24522.75,24570.65,254819435.0,26131.19,-0.002656146615182
2026-08-10,24581.25,24620.95,24511.1,24583.8,269507262.0,24738.66,0.0005350482128762
2026-08-11,24575.1,24576.85,24429.25,24471.7,271943567.0,24402.81,-0.0045703415571696
2026-08-12,24472.45,24473.3,24265.95,24435.95,317552958.0,27570.47,-0.0014619392412955
2026-08-13,24431.6,24431.6,24311.4,24395.85,295823169.0,24255.39,-0.0016423727576609
2026-08-14,24361.9,24405.2,24296.8,24366.0,267706410.0,22136.2,-0.0012243179341491
2026-08-17,24343.45,24360.1,24226.95,24287.65,225427674.0,18400.29,-0.0032207272312593
2026-08-18,24223.85,24269.65,24154.9,24154.9,227027460.0,19183.5,-0.005480732632777
2026-08-19,24152.05,24172.85,24025.65,24078.3,238718813.0,19084.84,-0.0031762381263601
2026-08-20,24225.45,24265.15,24184.55,24231.85,253928495.0,18777.61,0.0063568636021881
2026-08-21,24284.05,24284.05,24206.8,24252.0,259287088.0,18607.89,0.0008312046654769
2026-08-24,24285.05,24313.0,24144.3,24219.05,236285363.0,17854.63,-0.001359574635809
2026-08-25,24175.75,24334.55,24115.45,24334.55,239453630.0,18743.01,0.0047576376566478
2026-08-26,24341.95,24378.6,24207.75,24207.75,244793446.0,17446.06,-0.0052243214022221
2026-08-27,24277.6,24297.45,24090.85,24090.85,323419647.0,24757.82,-0.0048407294734461
2026-08-28,24122.6,24188.3,24076.85,24175.65,296127942.0,20865.45,0.003513827903495
2026-08-31,24117.55,24128.7,23993.6,24080.4,710870778.0,49193.19,-0.0039476966598145
2026-09-01,24077.55,24143.15,23952.55,24055.8,334207690.0,27996.18,-0.0010220998808219
2026-09-02,23858.0,23914.45,23786.8,23914.45,318881826.0,25868.81,-0.0058932529680495
2026-09-03,23997.95,24025.4,23873.45,23873.45,239174046.0,19968.37,-0.0017159159561279
2026-09-04,23910.9,24005.75,23895.85,23897.7,231396362.0,18379.67,0.0010152572036874
2026-09-07,23883.15,23890.0,23737.9,23779.15,205864370.0,17371.86,-0.0049730736961914
2026-09-08,23743.1,23758.95,23623.1,23635.1,230133309.0,18718.76,-0.0060762510512552
2026-09-09,23522.05,23571.55,23431.5,23431.5,352925400.0,27788.38,-0.0086516242925404
2026-09-10,23446.6,23494.95,23380.1,23477.8,253250004.0,19852.15,0.0019740228498408
2026-09-11,23270.3,23448.1,23231.4,23398.1,293025966.0,20905.97,-0.0034004713210387
2026-09-15,23576.15,23592.85,23118.6,23118.6,338835704.0,26523.17,-0.0120173341483248
2026-09-16,23201.6,23284.75,23116.1,23217.6,261617344.0,20182.08,0.0042731234171779
2026-09-17,23195.25,23363.55,23193.65,23270.6,259700999.0,18775.3,0.0022801494986946
2026-09-18,23334.7,23389.15,23286.6,23346.4,375346024.0,31510.28,0.0032520353863775
2026-09-21,23330.2,23466.8,23314.8,23414.3,213639227.0,17770.46,0.002904150182648
2026-09-22,23454.05,23489.0,23285.75,23329.0,244146220.0,19610.73,-0.0036497249739097
2026-09-23,23352.15,23466.9,23349.55,23446.8,237608688.0,17215.76,0.005036803177827
2026-09-24,23221.8,23281.95,23046.15,23063.1,271675340.0,22894.82,-0.0165000873038372
2026-09-25,23035.0,23162.7,23020.95,23140.5,242720711.0,18949.25,0.0033503914154754
2026-09-28,23064.9,23080.25,22762.2,22780.25,261457054.0,20620.36,-0.0156903966400812
2026-09-29,22732.45,22753.25,22569.65,22716.2,603190549.0,39264.31,-0.0028156061544916
2026-09-30,22665.0,22809.35,22595.2,22620.45,369406892.0,32476.02,-0.0042239619540963
2026-10-01,22543.7,22610.6,22217.3,22421.95,451303049.0,36534.26,-0.0088139746131071
2026-10-05,22532.4,22621.8,22397.1,22555.75,436700.0,,0.0059496325818747
2026-10-06,22603.25,22776.1,22561.6,22776.1,,,0.0097217181946149
2026-10-07,22690.45,22717.65,22546.3,22603.05,359000.0,,-0.007626887627935838
